analysis_id,toss,prior_throws,normalized_error
P001,1,0,1.5660492634924073
P001,2,1,0.6552481210709242
P001,3,2,0.34960341730446687
P001,4,3,2.41007136325465
P001,5,4,0.3633124118409044
P001,6,5,1.0302048179052063
P001,7,6,1.2311086534551205
P001,8,7,0.17368525167266474
P001,9,8,2.715189992773182
P001,10,9,0.7684709717557128
P001,11,10,0.3262521722887951
P001,12,11,1.6040242457877565
P001,13,12,0.9877364920928174
P001,14,13,0.3099418449296369
P001,15,14,1.222945459605614
P001,16,15,0.3908780490510684
P001,17,16,0.40734839028240044
P001,18,17,0.3364531563244286
P001,19,18,0.3792572742750791
P001,20,19,0.7994056016216818
P001,21,20,0.345071826185107
P001,22,21,0.5521447907985912
P001,23,22,0.384388811993259
P001,24,23,0.6151835028739545
P001,25,24,0.2538962398072665
P001,26,25,0.4086321647053133
P001,27,26,0.3907154694305256
P001,28,27,0.3253838710066075
P001,29,28,0.7174577031073468
P001,30,29,0.12766957826416417
P001,31,30,0.38692692009501317
P001,32,31,0.330710754000701
P001,33,32,0.8345048697734142
P001,34,33,0.5106045481780063
P001,35,34,0.22969998358636923
P001,36,35,0.5869846948119495
P001,37,36,0.9294561828491427
P001,38,37,0.45280600493144224
P001,39,38,0.8509986608477773
P001,40,39,1.2756399589514058
P001,41,40,0.4504371074565991
P001,42,41,0.5483026733394663
P001,43,42,0.9148146085914954
P001,44,43,3.392281758071196
P001,45,44,1.1958711426123951
P001,46,45,0.531329591747032
P001,47,46,0.4042192108246552
P001,48,47,0.922960806424504
P001,49,48,0.8003527766161868
P001,50,49,0.3512235019932383
P002,1,0,1.135747473160736
P002,2,1,3.1278597248870654
P002,3,2,3.416720047595294
P002,4,3,0.9750380597274191
P002,5,4,1.1074259968678135
P002,6,5,1.988890504548343
P002,7,6,3.858641344806896
P002,8,7,0.22683502383808457
P002,9,8,0.9134308556807235
P002,10,9,0.551544188083493
P002,11,10,0.8060869416193424
P002,12,11,0.360156635130047
P002,13,12,0.6148738545187293
P002,14,13,0.31978530606770067
P002,15,14,0.40379213288406357
P002,16,15,1.3983077267202453
P002,17,16,0.3870064717786497
P002,18,17,0.5913749916837867
P002,19,18,0.37910481841310434
P002,20,19,0.22366382890180053
P002,21,20,0.749245692315086
P002,22,21,0.2724960167012847
P002,23,22,0.24855197288531775
P002,24,23,0.7472322241793498
P002,25,24,1.6935425760374543
P002,26,25,0.900800031584804
P002,27,26,0.29694535051453397
P002,28,27,1.2128814000292856
P002,29,28,0.6670953631423415
P002,30,29,0.31641449694930424
P002,31,30,0.36259420096813094
P002,32,31,0.31641449694930424
P002,33,32,1.7041329208514158
P002,34,33,0.7724832628539574
P002,35,34,0.31498020993499926
P002,36,35,0.358133686149326
P002,37,36,0.23080758773980387
P002,38,37,0.544419093851488
P002,39,38,0.5134577223313924
P002,40,39,0.23456381313918273
P002,41,40,0.634023681726843
P002,42,41,0.453789655625723
P002,43,42,0.6597038765359692
P002,44,43,0.36542444232290716
P002,45,44,0.3538154134436549
P002,46,45,0.6934992310534227
P002,47,46,1.132954072528477
P002,48,47,0.5986792162544277
P002,49,48,0.7195911883791607
P002,50,49,0.5162901305408558
P003,1,0,1.7619264987628354
P003,2,1,3.5296645839059195
P003,3,2,0.8295350512036638
P003,4,3,0.3421567398614089
P003,5,4,1.0250162248622243
P003,6,5,0.832425777758063
P003,7,6,0.9221851821646678
P003,8,7,0.3101516742458531
P003,9,8,0.222280776001432
P003,10,9,0.3010264780951269
P003,11,10,0.9621221159970172
P003,12,11,0.5257569636642924
P003,13,12,0.1491748106360925
P003,14,13,0.5397806374449934
P003,15,14,0.7653490257343337
P003,16,15,0.7962208711028171
P003,17,16,0.8034435612751407
P003,18,17,0.5180591818365331
P003,19,18,0.760243866377092
P003,20,19,0.3670302553410568
P003,21,20,0.07690269745701407
P003,22,21,0.8518445713667362
P003,23,22,0.2240778263840058
P003,24,23,0.3906274511654017
P003,25,24,0.414822372234145
P003,26,25,0.6534579619553621
P003,27,26,0.7880364648002783
P003,28,27,0.5811919079076263
P003,29,28,0.7269761956783003
P003,30,29,0.6192942757944538
P003,31,30,0.682812942946216
P003,32,31,0.9389039237154663
P003,33,32,0.3257615538445539
P003,34,33,0.35677250296459584
P003,35,34,0.5288382573824095
P003,36,35,1.0096249474759156
P003,37,36,0.5108593078278604
P003,38,37,0.9138193545355485
P003,39,38,0.6626654936832846
P003,40,39,0.37233925367545595
P003,41,40,0.6897751098336592
P003,42,41,0.7120917324482301
P003,43,42,1.4361351790848895
P003,44,43,0.5432932775918649
P003,45,44,0.4651972709058298
P003,46,45,0.5601627903953266
P003,47,46,0.3693565329900599
P003,48,47,0.48303060850846763
P003,49,48,0.265240722732559
P003,50,49,0.11101640136428997
P004,1,0,2.1941539722869403
P004,2,1,1.4591172665671759
P004,3,2,0.2218069934311827
P004,4,3,0.24073353598652
P004,5,4,0.9734179387386624
P004,6,5,0.30102617744398386
P004,7,6,0.39613820623727813
P004,8,7,0.33644703012308397
P004,9,8,0.17671907705359582
P004,10,9,0.5518360423196705
P004,11,10,0.28716980005893417
P004,12,11,0.31906453494605036
P004,13,12,0.6511613793104538
P004,14,13,0.40886747977385257
P004,15,14,0.14500181472147386
P004,16,15,0.39704115566135373
P004,17,16,0.2115010096940494
P004,18,17,0.2821371860037667
P004,19,18,0.501939347811801
P004,20,19,0.7958963080798167
P004,21,20,0.4633001656936553
P004,22,21,0.7174998281310899
P004,23,22,0.25358048273573747
P004,24,23,0.24058053136715674
P004,25,24,0.7412203594735043
P004,26,25,0.9061595664876146
P004,27,26,0.5199977435148377
P004,28,27,0.34018673388454346
P004,29,28,0.23385930963509946
P004,30,29,0.34571568242210926
P004,31,30,1.6597624086038307
P004,32,31,0.4721654018859091
P004,33,32,0.12653931478943764
P004,34,33,0.44656587230146555
P004,35,34,0.10658598365577994
P004,36,35,0.2634676053515396
P004,37,36,0.4324538824098496
P004,38,37,0.6003135146472587
P004,39,38,0.1556278305728004
P004,40,39,0.31421220766975416
P004,41,40,0.5793492088710535
P004,42,41,0.39916471641126583
P004,43,42,0.9958023714108966
P004,44,43,0.5947444212335317
P004,45,44,0.5860727218543259
P004,46,45,0.6537450983062667
P004,47,46,0.4495066470148125
P004,48,47,0.6072296694968543
P004,49,48,0.533637656768617
P004,50,49,0.4102314213792188
P005,1,0,1.7544761945536014
P005,2,1,0.31722167617729813
P005,3,2,0.7162590385024596
P005,4,3,0.23708369004463542
P005,5,4,0.04588147041781999
P005,6,5,0.5908530598689947
P005,7,6,0.18110991386341707
P005,8,7,0.9701837764467188
P005,9,8,0.2074727316489401
P005,10,9,0.4854088403394476
P005,11,10,0.6717420149002723
P005,12,11,0.9135316811177452
P005,13,12,0.42669596507400803
P005,14,13,0.45905053047179906
P005,15,14,0.6203827449932271
P005,16,15,0.6748871081141653
P005,17,16,0.7139786212939612
P005,18,17,0.4630478990305518
P005,19,18,0.006691683586781465
P005,20,19,0.29692310258407373
P005,21,20,0.3401565085066003
P005,22,21,0.3456500829916007
P005,23,22,0.2147311760088566
P005,24,23,0.4783127546256718
P005,25,24,0.23785821529035434
P005,26,25,0.4418144061509204
P005,27,26,0.10573235567241472
P005,28,27,0.23663571703514655
P005,29,28,0.7645525461684101
P005,30,29,0.38824274603260656
P005,31,30,0.23494789675596447
P005,32,31,0.4828259863519747
P005,33,32,0.28092854603007744
P005,34,33,0.5438316328679371
P005,35,34,0.13711485798308742
P005,36,35,0.3140137010027727
P005,37,36,0.33489181749418473
P005,38,37,0.17742507041643552
P005,39,38,0.7496098733290973
P005,40,39,0.313488246065013
P005,41,40,0.5771250691970825
P005,42,41,0.4007498743560177
P005,43,42,0.21065961794589455
P005,44,43,0.5190635654837996
P005,45,44,0.3712967228209148
P005,46,45,0.35229396855304146
P005,47,46,0.7390676222478574
P005,48,47,0.501305898193497
P005,49,48,0.18883308191747364
P005,50,49,0.5780358750151331
P006,1,0,2.7822106834439255
P006,2,1,2.295180972374565
P006,3,2,2.890926076777733
P006,4,3,1.1053833643648725
P006,5,4,0.5561770949772737
P006,6,5,0.245205359134173
P006,7,6,0.05207843780138682
P006,8,7,0.43786490908873765
P006,9,8,0.5875459475254706
P006,10,9,0.9800961695031815
P006,11,10,0.560188577558181
P006,12,11,1.0154110648403865
P006,13,12,0.3685052924315525
P006,14,13,0.599777542083765
P006,15,14,0.43372170501227647
P006,16,15,0.6124579327494704
P006,17,16,0.6057248906854914
P006,18,17,0.3021310167913878
P006,19,18,1.0248449537511097
P006,20,19,0.2879045866955546
P006,21,20,0.4528908949484412
P006,22,21,0.2044060382273661
P006,23,22,0.7486296410010518
P006,24,23,0.23750593797121772
P006,25,24,0.3043591621120408
P006,26,25,0.667925989575956
P006,27,26,0.7252194789234583
P006,28,27,0.22284932328922513
P006,29,28,0.6570092110587005
P006,30,29,0.20778790061747254
P006,31,30,0.9301484722049403
P006,32,31,0.19696457029711698
P006,33,32,0.6810137120795278
P006,34,33,0.46796739303830354
P006,35,34,0.3433621282553707
P006,36,35,0.8956286841630117
P006,37,36,0.36041130046742914
P006,38,37,1.2588234190587235
P006,39,38,0.17051426946551548
P006,40,39,0.02525919920447872
P006,41,40,0.9109125353196929
P006,42,41,0.9146528436070154
P006,43,42,0.38971473085899805
P006,44,43,1.6345650634428321
P006,45,44,0.5405209589526788
P006,46,45,0.2265727434348667
P006,47,46,0.07374297354975036
P006,48,47,0.48380335806374547
P006,49,48,0.43154609977667735
P006,50,49,0.2700447738557414
P007,1,0,0.40832469216190415
P007,2,1,0.224555586117063
P007,3,2,1.369235080414193
P007,4,3,0.23619923143230023
P007,5,4,0.3395217297647704
P007,6,5,0.926590353239681
P007,7,6,0.5740104704349954
P007,8,7,0.49673066989905823
P007,9,8,0.12316183941391469
P007,10,9,0.14618494439017463
P007,11,10,0.39755712310962804
P007,12,11,0.7189298594420416
P007,13,12,0.38007353991954057
P007,14,13,0.4273633666401996
P007,15,14,0.3263309311027503
P007,16,15,0.5839894321201076
P007,17,16,0.34548782083180946
P007,18,17,0.7862532445343652
P007,19,18,0.42454807964094904
P007,20,19,0.6047720073575583
P007,21,20,0.56352527822452
P007,22,21,0.2598314394625776
P007,23,22,0.4052782733068391
P007,24,23,0.701782363578538
P007,25,24,0.32744887975626863
P007,26,25,0.9330059766493081
P007,27,26,0.4982292944487896
P007,28,27,0.26260980093180075
P007,29,28,0.3578618745733032
P007,30,29,0.676962225645253
P007,31,30,0.6990557421722982
P007,32,31,0.8177736726597842
P007,33,32,0.7329694117504921
P007,34,33,0.553562763649063
P007,35,34,0.14933355351052738
P007,36,35,0.5371709066099568
P007,37,36,0.9588015711844512
P007,38,37,0.47916423776096134
P007,39,38,0.8524613322977291
P007,40,39,1.0363166823049783
P007,41,40,0.19798769424563786
P007,42,41,0.4995429721283945
P007,43,42,0.45694160718197185
P007,44,43,0.8942425526693661
P007,45,44,1.0023203212979206
P007,46,45,0.443744956316551
P007,47,46,0.5364214761172968
P007,48,47,0.7842292225702658
P007,49,48,0.08754047954422532
P007,50,49,0.27339129164954906
P008,1,0,2.042491926429275
P008,2,1,0.42993081906918384
P008,3,2,0.35606777514028076
P008,4,3,1.319950005588426
P008,5,4,0.7193562624099572
P008,6,5,1.4063363296185587
P008,7,6,0.42473358314034254
P008,8,7,1.0034597568178427
P008,9,8,0.2552014413026412
P008,10,9,0.32993020875589024
P008,11,10,0.4760540553402942
P008,12,11,0.35589690929638296
P008,13,12,0.3720638149946607
P008,14,13,0.13763743761848318
P008,15,14,0.06795036735956929
P008,16,15,0.8605129191541755
P008,17,16,0.28184021844220725
P008,18,17,1.3916570269248423
P008,19,18,0.45207111633670133
P008,20,19,0.5076311736344448
P008,21,20,0.14205266104689146
P008,22,21,0.5200927877425263
P008,23,22,1.0701924561329592
P008,24,23,1.011191561087116
P008,25,24,1.2172747407578215
P008,26,25,0.34868375349652797
P008,27,26,0.35948498244664323
P008,28,27,0.645728274334712
P008,29,28,0.567798852503731
P008,30,29,1.1384661814706245
P008,31,30,0.2722229136114609
P008,32,31,0.5734006932245905
P008,33,32,0.6730984907280543
P008,34,33,0.25925470449562354
P008,35,34,0.5405445053334197
P008,36,35,0.5610417198647544
P008,37,36,0.36627754415536984
P008,38,37,0.7860949537919447
P008,39,38,0.2874507262113526
P008,40,39,1.1384548513473924
P008,41,40,0.22077089984796655
P008,42,41,1.0849849418431543
P008,43,42,1.1119902540722115
P008,44,43,0.7618940473348489
P008,45,44,0.772312910480682
P008,46,45,0.8858002930275559
P008,47,46,0.6532555282701492
P008,48,47,0.9784072103791075
P008,49,48,0.2760198698737266
P008,50,49,0.41133535967487084
P009,1,0,1.7536254044839323
P009,2,1,1.433124222970432
P009,3,2,1.0094480679487
P009,4,3,1.1295879281914905
P009,5,4,0.29208825680747225
P009,6,5,0.6669135286791922
P009,7,6,1.886088108941755
P009,8,7,1.1112375051038916
P009,9,8,0.8348122853896746
P009,10,9,0.6269448538975363
P009,11,10,0.9981252046646566
P009,12,11,0.8025671011755648
P009,13,12,0.5717744231877103
P009,14,13,0.5006645481119355
P009,15,14,0.6629883573350998
P009,16,15,0.6518467593875202
P009,17,16,0.144485282955023
P009,18,17,0.49807912923269565
P009,19,18,0.7160346755491714
P009,20,19,0.33673351422482484
P009,21,20,0.49977369818959544
P009,22,21,0.4858530880363902
P009,23,22,0.25719146366003653
P009,24,23,0.19310896773986488
P009,25,24,0.5694279733003512
P009,26,25,0.5681318743304777
P009,27,26,0.4862496439267691
P009,28,27,0.41005942795492384
P009,29,28,0.1977077880094073
P009,30,29,0.5557226171860139
P009,31,30,0.8068681015573405
P009,32,31,0.5421381020548338
P009,33,32,0.30838728723695547
P009,34,33,0.7106608973576383
P009,35,34,0.20936022283559894
P009,36,35,0.19921316143621928
P009,37,36,0.8975858266411193
P009,38,37,0.25137632941935295
P009,39,38,0.3685410226169704
P009,40,39,0.731295909090556
P009,41,40,0.9748822396874263
P009,42,41,0.16443867981846655
P009,43,42,0.6643901862573115
P009,44,43,0.27802261429479314
P009,45,44,0.003769348469252192
P009,46,45,0.9925848726695005
P009,47,46,0.6428727738675063
P009,48,47,0.8695037112069247
P009,49,48,0.7113193798038283
P009,50,49,1.3308832854070252
P010,1,0,1.394625718202665
P010,2,1,2.4678211600483415
P010,3,2,1.2788868030875709
P010,4,3,0.44033902591321816
P010,5,4,0.77673053829025
P010,6,5,0.8879453015412134
P010,7,6,1.1883204915703642
P010,8,7,0.9445416504666486
P010,9,8,0.6582938997557956
P010,10,9,0.5333983191899057
P010,11,10,0.49925112578184627
P010,12,11,0.38355244389099935
P010,13,12,0.6218411744736615
P010,14,13,0.5367829715690265
P010,15,14,0.3563442906029774
P010,16,15,0.9575893062065817
P010,17,16,0.3649671243094018
P010,18,17,0.18462451633963584
P010,19,18,0.7251454442878889
P010,20,19,0.11510411967098617
P010,21,20,1.0737058286433563
P010,22,21,0.611746704942273
P010,23,22,0.7001882614749042
P010,24,23,0.35740270880175895
P010,25,24,0.5515299295556001
P010,26,25,0.8004973914806922
P010,27,26,0.34996219740381257
P010,28,27,0.4983106370348064
P010,29,28,0.7280055479482681
P010,30,29,0.08122501588884187
P010,31,30,1.4555367682433857
P010,32,31,1.056231319303302
P010,33,32,1.3205760593756435
P010,34,33,0.309081774895601
P010,35,34,0.9282269906232745
P010,36,35,0.04555599783487191
P010,37,36,0.3715728995094855
P010,38,37,0.21400295605097386
P010,39,38,0.9594267393065206
P010,40,39,1.1131790439154194
P010,41,40,0.7748769204088993
P010,42,41,0.08401601888677987
P010,43,42,1.3227688569658702
P010,44,43,0.3877490809723324
P010,45,44,1.3248076432630629
P010,46,45,0.5402478012894201
P010,47,46,0.6624222187761923
P010,48,47,0.5205134450005525
P010,49,48,0.8887924129648798
P010,50,49,1.406540384317163
P011,1,0,0.5256245151428577
P011,2,1,0.3449723426182975
P011,3,2,0.2750933292247569
P011,4,3,0.7898740336399559
P011,5,4,0.9763496658378413
P011,6,5,0.9313362751198483
P011,7,6,0.40962470780899957
P011,8,7,0.3985405316465498
P011,9,8,0.3658594776495494
P011,10,9,0.22264214173884755
P011,11,10,0.5127079286895254
P011,12,11,0.20217896356139556
P011,13,12,0.16182094492333185
P011,14,13,0.8552992872176866
P011,15,14,0.1714062499999997
P011,16,15,0.5089596814582937
P011,17,16,0.49477677816169513
P011,18,17,0.2602350822064569
P011,19,18,0.3216860025978417
P011,20,19,0.13555933500412326
P011,21,20,0.45806718076264424
P011,22,21,0.4904258825115624
P011,23,22,0.705894455864665
P011,24,23,0.6994632759923096
P011,25,24,0.45190187279400107
P011,26,25,0.7054065223447978
P011,27,26,0.1305966507691667
P011,28,27,0.3328550487197498
P011,29,28,0.3132997268585613
P011,30,29,0.4236765412706807
P011,31,30,0.411381446319346
P011,32,31,0.22539649376268048
P011,33,32,0.10218472563012816
P011,34,33,0.04881669381497976
P011,35,34,0.7700629737999779
P011,36,35,0.3831511810071515
P011,37,36,0.2222807666845751
P011,38,37,0.28759618095029355
P011,39,38,0.6125401984023585
P011,40,39,0.26130949669161346
P011,41,40,0.1520489379903885
P011,42,41,0.1963656758071637
P011,43,42,0.701551684002007
P011,44,43,0.09974843297225748
P011,45,44,0.40674557746085005
P011,46,45,0.2828508296553761
P011,47,46,0.305764152829615
P011,48,47,0.37769267772753085
P011,49,48,0.14791903277905358
P011,50,49,0.19716056917919061
P012,1,0,1.9498203300293406
P012,2,1,0.9067588629524881
P012,3,2,0.5363724825632096
P012,4,3,0.7908935302755132
P012,5,4,2.633735890349447
P012,6,5,0.4635643090472439
P012,7,6,0.6741572758823858
P012,8,7,0.5079658598881056
P012,9,8,1.0047978280545165
P012,10,9,0.8776531219629036
P012,11,10,0.3108858311341961
P012,12,11,1.0316266804423688
P012,13,12,0.9145514690539773
P012,14,13,0.9653100586067925
P012,15,14,0.35772288348939946
P012,16,15,0.8605652879913108
P012,17,16,0.719903287036353
P012,18,17,0.1669011903915414
P012,19,18,0.5214574093244029
P012,20,19,0.3472039027196775
P012,21,20,0.16300473822167508
P012,22,21,0.3476554159013151
P012,23,22,0.16543433986558023
P012,24,23,0.3383260894600224
P012,25,24,0.23755919056320635
P012,26,25,1.2458169537354211
P012,27,26,0.8524342806960382
P012,28,27,0.8373059860491601
P012,29,28,1.1320627447168838
P012,30,29,0.47952015669418974
P012,31,30,0.7757445560561786
P012,32,31,0.571947011260146
P012,33,32,0.32009030216266154
P012,34,33,0.3312434840040676
P012,35,34,0.7367223398153063
P012,36,35,0.35338257675732115
P012,37,36,1.0181614877272074
P012,38,37,0.5867095173395148
P012,39,38,0.31796994167529785
P012,40,39,0.3974159109671623
P012,41,40,0.549699641323548
P012,42,41,0.7334871784074168
P012,43,42,0.613482640305457
P012,44,43,0.5253681061908412
P012,45,44,0.4972758724365754
P012,46,45,0.5685657859681085
P012,47,46,0.5227427811518133
P012,48,47,0.5845283996147274
P012,49,48,0.702064653988578
P012,50,49,0.4595748927337634
P013,1,0,0.32784209999365865
P013,2,1,0.6222544078422383
P013,3,2,0.3748117850632121
P013,4,3,0.3640751167820193
P013,5,4,0.30733700001979464
P013,6,5,0.604432212312407
P013,7,6,0.136432788511753
P013,8,7,0.25569266848279837
P013,9,8,0.7988962196528788
P013,10,9,0.6117134061731331
P013,11,10,0.34857560555594935
P013,12,11,0.7216973113510644
P013,13,12,1.0094766841267142
P013,14,13,0.6072455370264469
P013,15,14,0.5481041477446525
P013,16,15,0.8803118582022316
P013,17,16,0.2802664663746237
P013,18,17,0.42383371151486116
P013,19,18,0.6668179399741477
P013,20,19,0.3516146469010056
P013,21,20,2.748581845760928
P013,22,21,0.7688239241945656
P013,23,22,0.7616930883176436
P013,24,23,0.3656252445055644
P013,25,24,0.43377509287619465
P013,26,25,0.4184840633892537
P013,27,26,0.332352403462303
P013,28,27,0.14233849728732897
P013,29,28,0.40333372249832955
P013,30,29,0.464399495737927
P013,31,30,0.604920862108641
P013,32,31,0.429207541724476
P013,33,32,0.7814712579389349
P013,34,33,0.1562628348392122
P013,35,34,0.5045622974736678
P013,36,35,0.5411675933321649
P013,37,36,0.2555020166542397
P013,38,37,0.1586367418031917
P013,39,38,0.32612296609619834
P013,40,39,0.3689446259036898
P013,41,40,0.5291267791294454
P013,42,41,0.4371460636233147
P013,43,42,0.8184042209490903
P013,44,43,0.36474948062347523
P013,45,44,0.20151464953586662
P013,46,45,0.765646454961104
P013,47,46,0.14049443415064947
P013,48,47,0.22740318010840616
P013,49,48,0.42401036138749953
P013,50,49,0.5040190655552259
P014,1,0,2.8623321423392496
P014,2,1,3.8756743098751323
P014,3,2,0.6848308361740909
P014,4,3,1.990949419708279
P014,5,4,0.48738938242073016
P014,6,5,0.9243258133383502
P014,7,6,0.4344156498240152
P014,8,7,0.4704086068663102
P014,9,8,0.5989938018188058
P014,10,9,0.41726968408669746
P014,11,10,0.6899531495493179
P014,12,11,0.1546694710942793
P014,13,12,1.0576990465151432
P014,14,13,0.3360441817141531
P014,15,14,0.22795497162555425
P014,16,15,0.5863017813197392
P014,17,16,0.29714728551226705
P014,18,17,0.8358212524073347
P014,19,18,0.17512054259957613
P014,20,19,0.4237630894155985
P014,21,20,0.33467969172611955
P014,22,21,0.6742817211263801
P014,23,22,0.3144070842276998
P014,24,23,0.3493880999743683
P014,25,24,0.11486420623381523
P014,26,25,0.7806921608546671
P014,27,26,0.39851031059918435
P014,28,27,0.5465592820438286
P014,29,28,0.3226437347785272
P014,30,29,0.9889059204914629
P014,31,30,1.1152829080566011
P014,32,31,0.3118291116461986
P014,33,32,0.4249969729971733
P014,34,33,0.6374186872912997
P014,35,34,0.5390459578576924
P014,36,35,0.9524507552660934
P014,37,36,0.34431665739379025
P014,38,37,0.20596703881399614
P014,39,38,0.16198498770081673
P014,40,39,0.3926754481671493
P014,41,40,1.0470144653712992
P014,42,41,0.5326182279436961
P014,43,42,0.5243382470290647
P014,44,43,0.32054277203854487
P014,45,44,0.2822314013977698
P014,46,45,0.47337639680286514
P014,47,46,1.5529538940016636
P014,48,47,0.35750575940063384
P014,49,48,0.884696118156053
P014,50,49,0.5696053398135701
P015,1,0,1.8938259743062997
P015,2,1,1.1309360088764175
P015,3,2,2.074880980077653
P015,4,3,0.040211550205504716
P015,5,4,0.48002997354171656
P015,6,5,0.39604348679021734
P015,7,6,0.642595863638857
P015,8,7,0.7232160385224816
P015,9,8,0.8508142499330889
P015,10,9,1.0422422397215352
P015,11,10,0.4150181329818825
P015,12,11,0.19823966243348445
P015,13,12,0.49640023791872057
P015,14,13,0.5252177031501586
P015,15,14,0.8096474137299884
P015,16,15,0.5760954262534309
P015,17,16,0.7989707358232724
P015,18,17,0.5976029916167498
P015,19,18,0.5227183317363011
P015,20,19,0.6617639601721909
P015,21,20,0.3206671818320058
P015,22,21,0.37550539988818427
P015,23,22,0.4022398761402431
P015,24,23,0.3431588950886035
P015,25,24,0.3278976496140971
P015,26,25,0.4030850029843575
P015,27,26,0.3604970094667085
P015,28,27,0.3344468882323864
P015,29,28,0.6603845070802015
P015,30,29,0.42616025656289985
P015,31,30,0.3217834096897307
P015,32,31,0.5046977201719413
P015,33,32,1.3032161665247999
P015,34,33,0.22814092181931606
P015,35,34,0.12001717216706584
P015,36,35,0.40037616504857093
P015,37,36,0.7530621566227953
P015,38,37,0.5984134550672445
P015,39,38,0.21473755627918323
P015,40,39,0.6402283264304831
P015,41,40,0.1529433500086575
P015,42,41,0.5908374785661277
P015,43,42,0.45821935988823564
P015,44,43,1.3009039264498192
P015,45,44,0.1590110873968961
P015,46,45,0.9332766037398451
P015,47,46,0.5865927233747673
P015,48,47,0.5446590323988669
P015,49,48,0.16685903777229597
P015,50,49,0.39771284633612475
P016,1,0,2.716634364064583
P016,2,1,2.7490830996409814
P016,3,2,2.1921305968921008
P016,4,3,1.4555492238767431
P016,5,4,0.7308823044245347
P016,6,5,0.7700760434938055
P016,7,6,1.2902900349234416
P016,8,7,0.5142383183029064
P016,9,8,0.6514357992359249
P016,10,9,0.28213589573803466
P016,11,10,1.6129234368109944
P016,12,11,0.9380803730768704
P016,13,12,0.5890176951542954
P016,14,13,0.844807543028383
P016,15,14,0.5294999856219041
P016,16,15,1.1623323802600756
P016,17,16,0.38113539661026835
P016,18,17,0.6149749300100097
P016,19,18,0.6469475929456541
P016,20,19,0.35610227941759826
P016,21,20,1.1011078351390438
P016,22,21,0.2727332777429715
P016,23,22,0.3906853786244758
P016,24,23,2.4681177181510825
P016,25,24,0.3404409637875813
P016,26,25,1.2238856416574344
P016,27,26,0.4889255601053173
P016,28,27,1.2323927865050133
P016,29,28,0.9424883869599497
P016,30,29,0.7332149098686762
P016,31,30,0.6776266463849717
P016,32,31,1.0601478317872204
P016,33,32,0.8411714428255911
P016,34,33,0.6248328862202498
P016,35,34,0.5838179525553536
P016,36,35,0.6688783865532557
P016,37,36,0.45380308660280816
P016,38,37,1.0318761110491368
P016,39,38,0.5453077195568486
P016,40,39,1.504746932568602
P016,41,40,0.8847564766866096
P016,42,41,0.5554170616253588
P016,43,42,0.3786360453035254
P016,44,43,0.3776937792446445
P016,45,44,0.7766203260021759
P016,46,45,0.374665019655058
P016,47,46,0.6567879540867433
P016,48,47,1.2984103463908456
P016,49,48,1.017331616810693
P016,50,49,0.4988204562730565
P017,1,0,3.343895185745716
P017,2,1,2.3964053385717032
P017,3,2,1.3867028782082298
P017,4,3,0.23156953235892813
P017,5,4,0.9916423736407345
P017,6,5,0.531257058867215
P017,7,6,0.6822030000247866
P017,8,7,3.43663183274982
P017,9,8,0.4489178605253734
P017,10,9,1.378336611601237
P017,11,10,1.4719689238001468
P017,12,11,0.15361296559030035
P017,13,12,0.17140866599008156
P017,14,13,0.8328065428780943
P017,15,14,0.4382861320709138
P017,16,15,0.8343199294817957
P017,17,16,1.328675947915267
P017,18,17,2.9199259440358762
P017,19,18,0.3355903770123773
P017,20,19,0.3379711575132618
P017,21,20,0.1920437089034864
P017,22,21,0.6294086173102902
P017,23,22,0.6938152933004015
P017,24,23,0.05212975321028252
P017,25,24,0.7072869379449371
P017,26,25,0.20441061646980505
P017,27,26,0.3572142961823485
P017,28,27,0.539260625654449
P017,29,28,0.32300466425924795
P017,30,29,0.46108049929420614
P017,31,30,0.4571749584038236
P017,32,31,0.14502814560003463
P017,33,32,1.2320538237535688
P017,34,33,0.5402619612068339
P017,35,34,0.3077311641477915
P017,36,35,0.2900296914226581
P017,37,36,0.3106468158945285
P017,38,37,0.6462250050744439
P017,39,38,0.37334432391124367
P017,40,39,0.8942715425856664
P017,41,40,0.7256581059840598
P017,42,41,0.5066624259054743
P017,43,42,0.5029466447198333
P017,44,43,1.282389612136092
P017,45,44,0.3138416421870131
P017,46,45,0.6230642378129225
P017,47,46,1.5159011202410646
P017,48,47,0.6492215049870936
P017,49,48,0.675274707355813
P017,50,49,0.5062186611056316
P018,1,0,1.9103770114959757
P018,2,1,0.4319626922298681
P018,3,2,0.5154770708100711
P018,4,3,0.2790154651683184
P018,5,4,3.4909622474620825
P018,6,5,0.34702058732321306
P018,7,6,0.23833395410776867
P018,8,7,0.381939945554956
P018,9,8,0.5833315887098852
P018,10,9,0.24400668494267844
P018,11,10,0.23978513064979637
P018,12,11,1.0526878260717931
P018,13,12,0.7063877392012895
P018,14,13,0.4175496545879975
P018,15,14,0.7970348232209289
P018,16,15,0.10160772393836451
P018,17,16,0.6625269784468866
P018,18,17,0.18483259029658722
P018,19,18,0.8565477455331197
P018,20,19,0.7079780984484287
P018,21,20,0.9263229306860861
P018,22,21,0.4360636503936953
P018,23,22,0.5302544792447188
P018,24,23,0.4804669616898855
P018,25,24,0.512859894653661
P018,26,25,0.4152866608769509
P018,27,26,0.27680357175257125
P018,28,27,0.30564883500449413
P018,29,28,0.47478588473129946
P018,30,29,0.3977414676290963
P018,31,30,0.4464023407472424
P018,32,31,0.3020500059502522
P018,33,32,0.31286204792713856
P018,34,33,0.22344782537331312
P018,35,34,0.09638510976994044
P018,36,35,0.9216962345049337
P018,37,36,0.28887209410848913
P018,38,37,0.21025435129698913
P018,39,38,0.49942206714156995
P018,40,39,0.5268151408624289
P018,41,40,0.5169279885056935
P018,42,41,0.6114032347946642
P018,43,42,0.32235012980643335
P018,44,43,0.44872040403406255
P018,45,44,0.19963377263384152
P018,46,45,0.4323869150149529
P018,47,46,0.15378935560059379
P018,48,47,0.13970011185818246
P018,49,48,0.15310603049149832
P018,50,49,0.8915710927753187
P019,1,0,1.2894804664073716
P019,2,1,0.931650774141976
P019,3,2,3.4079844589705073
P019,4,3,0.89265625
P019,5,4,3.3398316793253646
P019,6,5,3.8034535722225256
P019,7,6,1.5383256559326355
P019,8,7,0.6038900918086783
P019,9,8,1.3643219315280293
P019,10,9,1.9820725485489312
P019,11,10,1.8627556230061784
P019,12,11,1.2548438913527598
P019,13,12,1.5833003391104692
P019,14,13,1.7577719561650826
P019,15,14,0.8498746513639124
P019,16,15,1.0991508285696336
P019,17,16,1.698608101335805
P019,18,17,1.599463308357141
P019,19,18,0.9199870522780279
P019,20,19,0.7061211483110785
P019,21,20,1.0820785984814658
P019,22,21,1.1463792893835576
P019,23,22,0.6761761210687663
P019,24,23,1.5801373964454508
P019,25,24,1.73944410356333
P019,26,25,1.3985832882050875
P019,27,26,2.041434856764737
P019,28,27,0.8990816474121407
P019,29,28,1.0492835304796209
P019,30,29,1.4097984630412586
P019,31,30,1.395770648075413
P019,32,31,1.317898821152126
P019,33,32,0.9058456874317916
P019,34,33,0.23654012801803173
P019,35,34,0.6108623862627114
P019,36,35,1.3658428602695476
P019,37,36,1.0568153058886507
P019,38,37,1.6302906869670448
P019,39,38,2.9955410115452414
P019,40,39,3.347062368886442
P019,41,40,1.3346362301723087
P019,42,41,0.9099098778614717
P019,43,42,1.5214145092893165
P019,44,43,1.5404091573314513
P019,45,44,1.404271375164085
P019,46,45,0.7927389413906861
P019,47,46,0.9385394750150423
P019,48,47,1.6790880368649193
P019,49,48,0.8556738484219594
P019,50,49,1.8404139407681426
P020,1,0,2.825347472796228
P020,2,1,0.9937394561776189
P020,3,2,0.6510312666686338
P020,4,3,0.6471099315821817
P020,5,4,0.7457528608061184
P020,6,5,0.24282111508138818
P020,7,6,1.1821479856653967
P020,8,7,1.68746375991533
P020,9,8,1.2427924831965553
P020,10,9,0.783571228273716
P020,11,10,0.31249501430971843
P020,12,11,0.17088834527416494
P020,13,12,0.13590967966845827
P020,14,13,0.9962508344525897
P020,15,14,0.3901034534843803
P020,16,15,0.8626978145517136
P020,17,16,1.3677221487407196
P020,18,17,0.30011777556350017
P020,19,18,0.23275744538059823
P020,20,19,2.867521325030686
P020,21,20,3.0594718893607933
P020,22,21,1.1255738567040934
P020,23,22,0.5293220197214754
P020,24,23,0.39851031059918435
P020,25,24,1.2594293031618673
P020,26,25,0.1455832696460317
P020,27,26,0.24921588708290957
P020,28,27,0.32402598384929354
P020,29,28,0.40060899175350073
P020,30,29,0.14002185350688134
P020,31,30,0.8218992128160136
P020,32,31,2.8773624644929083
P020,33,32,0.29969139450370036
P020,34,33,0.4205726934852298
P020,35,34,0.40535720800227576
P020,36,35,0.33302636817841375
P020,37,36,0.5880823502754663
P020,38,37,0.37411097916653047
P020,39,38,0.10200872342899045
P020,40,39,0.1340647763501376
P020,41,40,0.500713435923087
P020,42,41,0.2098764959083259
P020,43,42,0.10340745033717827
P020,44,43,0.5706679621556924
P020,45,44,0.40434646265578367
P020,46,45,0.6773597749705006
P020,47,46,0.4585866966133519
P020,48,47,2.9185012457910093
P020,49,48,0.9291822596004093
P020,50,49,0.7392910102143817
P021,1,0,1.6812946594525597
P021,2,1,0.35198707780491834
P021,3,2,0.946211940861906
P021,4,3,1.1433666294685072
P021,5,4,0.6654150900812066
P021,6,5,0.33954659921211333
P021,7,6,0.6888020995685604
P021,8,7,0.39876785836733186
P021,9,8,1.51870935913568
P021,10,9,0.7744880713479296
P021,11,10,0.3449441233045258
P021,12,11,0.4295128100371037
P021,13,12,1.136615954132396
P021,14,13,0.6436226941253514
P021,15,14,0.25131175014892265
P021,16,15,0.5424716130018111
P021,17,16,0.4208620450804721
P021,18,17,0.043059337488653045
P021,19,18,0.8860548810610279
P021,20,19,0.7712270115318356
P021,21,20,0.4957771496981147
P021,22,21,0.21648683618904865
P021,23,22,0.8926919939340561
P021,24,23,0.6309877539851378
P021,25,24,0.7638927525356127
P021,26,25,1.0523721612038286
P021,27,26,0.7227328785903133
P021,28,27,1.2014967449448382
P021,29,28,0.20305040084227052
P021,30,29,0.22642000048911828
P021,31,30,2.1993467414589576
P021,32,31,0.44299745423591613
P021,33,32,0.8601811273024875
P021,34,33,0.9379035804897216
P021,35,34,0.7629029194837048
P021,36,35,0.31035908538044876
P021,37,36,0.4293609937597647
P021,38,37,0.5264978410045282
P021,39,38,0.8499627599721323
P021,40,39,0.41021814462532824
P021,41,40,0.5851528572862875
P021,42,41,0.6255254730597214
P021,43,42,0.43447667677452256
P021,44,43,0.32472199847783617
P021,45,44,0.8165509239794476
P021,46,45,0.2913862925403135
P021,47,46,0.32266882032513233
P021,48,47,1.0401526178935672
P021,49,48,1.5405462190603771
P021,50,49,1.4283713755014975
P022,1,0,1.4476964724111419
P022,2,1,0.8161379569655512
P022,3,2,1.4275046424949749
P022,4,3,0.5652601357303716
P022,5,4,0.9352337406942397
P022,6,5,0.3180354651905053
P022,7,6,0.7584160891133076
P022,8,7,0.6434135992267819
P022,9,8,0.23759559787207474
P022,10,9,0.9413846920429432
P022,11,10,1.8810956480607839
P022,12,11,1.2046093881840219
P022,13,12,0.26309288021544297
P022,14,13,0.11049814190941694
P022,15,14,0.19666075588630186
P022,16,15,0.22671525242910398
P022,17,16,0.7388545753974712
P022,18,17,0.5301857004795436
P022,19,18,0.2910893895778555
P022,20,19,0.4682108644874049
P022,21,20,0.6375531756940218
P022,22,21,0.2984296999194365
P022,23,22,0.3237696137610229
P022,24,23,0.39429102797313925
P022,25,24,0.5350867539227012
P022,26,25,0.5991023342499164
P022,27,26,0.5153227633459563
P022,28,27,0.17440123113452255
P022,29,28,0.414915777044952
P022,30,29,0.13858653282579797
P022,31,30,0.4575274898386624
P022,32,31,0.06415048478276277
P022,33,32,0.5849753903799092
P022,34,33,0.5880459094064634
P022,35,34,0.613232200202821
P022,36,35,0.7689706358162242
P022,37,36,0.1816785979755804
P022,38,37,0.10581906579207917
P022,39,38,0.3342128405012283
P022,40,39,0.23592043204246213
P022,41,40,2.672810618815656
P022,42,41,0.28563555782662975
P022,43,42,0.36423056373603585
P022,44,43,0.34950227969334013
P022,45,44,0.30998319739786684
P022,46,45,0.32321035554659683
P022,47,46,0.32858987962557057
P022,48,47,0.1643359086024298
P022,49,48,0.3435615939213254
P022,50,49,0.4108223945450079
P023,1,0,2.543282647305098
P023,2,1,3.4952002126012593
P023,3,2,4.4101512799135065
P023,4,3,4.445664559155211
P023,5,4,4.454915194450741
P023,6,5,2.5636290834182183
P023,7,6,0.8371435773038254
P023,8,7,1.2344086917789605
P023,9,8,0.5090215400086341
P023,10,9,0.2481099994501804
P023,11,10,0.28274485903955393
P023,12,11,0.4807169442537533
P023,13,12,0.2916408349226626
P023,14,13,0.6823683042979499
P023,15,14,0.8842575148332426
P023,16,15,0.49414331452946386
P023,17,16,0.30990237418424504
P023,18,17,0.7454925140525898
P023,19,18,0.8534939307620978
P023,20,19,0.6239035108254418
P023,21,20,1.0549680291130028
P023,22,21,0.6645218628024055
P023,23,22,0.6902150543051156
P023,24,23,0.7300820985037532
P023,25,24,0.8546830450299893
P023,26,25,0.2465334699258626
P023,27,26,0.3877396086878517
P023,28,27,0.47768474681004947
P023,29,28,0.500538036111053
P023,30,29,0.5211645202340902
P023,31,30,0.8414660961842625
P023,32,31,0.38495105034887234
P023,33,32,0.36481166349860206
P023,34,33,0.5956481248656217
P023,35,34,0.6740206384450733
P023,36,35,0.7518121827394354
P023,37,36,1.4369013328166684
P023,38,37,0.3851332590832329
P023,39,38,1.5117740303265992
P023,40,39,0.16800306068650014
P023,41,40,0.43899250930993056
P023,42,41,0.8323369842253266
P023,43,42,1.0050410090374116
P023,44,43,0.5201343486187415
P023,45,44,1.8811814852355464
P023,46,45,0.1598158418816062
P023,47,46,1.5069008617923105
P023,48,47,0.08119884390847411
P023,49,48,0.09171172844955067
P023,50,49,0.8715865569726506
P024,1,0,0.5859635563934309
P024,2,1,0.49365345240020864
P024,3,2,1.2455225965771088
P024,4,3,0.26784966600427784
P024,5,4,1.0643654422906197
P024,6,5,0.326487380439515
P024,7,6,0.2952365805122673
P024,8,7,0.7378907042551628
P024,9,8,0.21199303764746935
P024,10,9,0.40309186627201427
P024,11,10,0.12123833328707147
P024,12,11,0.8611909228992098
P024,13,12,1.0148557430635712
P024,14,13,0.7852222932676756
P024,15,14,0.6932409938643126
P024,16,15,0.2162020904833456
P024,17,16,0.15009448090035626
P024,18,17,0.41884558156127066
P024,19,18,0.2537951738984896
P024,20,19,0.42886427169484775
P024,21,20,0.6150926007890519
P024,22,21,0.9269888430991979
P024,23,22,0.5543370106575296
P024,24,23,0.49599715132959477
P024,25,24,0.610360516286365
P024,26,25,0.8251556965984218
P024,27,26,0.7831413461212631
P024,28,27,0.8105223509475377
P024,29,28,0.7177672358688424
P024,30,29,0.7725680090602032
P024,31,30,0.22554675985281203
P024,32,31,1.0999028005597624
P024,33,32,0.6398650533133452
P024,34,33,1.4106521836254502
P024,35,34,0.4248536434155903
P024,36,35,0.5666354242560586
P024,37,36,0.22264214173884755
P024,38,37,0.6786575739051192
P024,39,38,1.115530964227721
P024,40,39,0.8031912794382129
P024,41,40,1.5294176746882313
P024,42,41,0.44968838638564756
P024,43,42,0.9005330322689054
P024,44,43,1.5129091029479216
P024,45,44,0.7148601261785412
P024,46,45,0.3405377224182772
P024,47,46,0.4826102108255814
P024,48,47,0.39722125542990067
P024,49,48,0.39950470820528344
P024,50,49,0.41884558156127066
P025,1,0,1.8250632879061708
P025,2,1,0.7467486077250826
P025,3,2,0.7217874883456141
P025,4,3,0.45259326262326355
P025,5,4,0.4482609053951107
P025,6,5,0.9031127912656359
P025,7,6,0.305764152829615
P025,8,7,0.8591706566539979
P025,9,8,0.6541536746470278
P025,10,9,1.023922356766247
P025,11,10,0.32978827181862264
P025,12,11,0.18636486883941364
P025,13,12,0.6855778952696053
P025,14,13,0.26082068829241034
P025,15,14,0.43541806073656714
P025,16,15,0.7380958039687373
P025,17,16,0.4401039581068617
P025,18,17,0.4661809067036441
P025,19,18,0.5167823552623086
P025,20,19,0.3247751909938758
P025,21,20,1.0327960352221994
P025,22,21,0.22555206153288557
P025,23,22,0.6908509426151984
P025,24,23,0.54336501882825
P025,25,24,0.4330397879272676
P025,26,25,0.5260897344194344
P025,27,26,0.15915916758075832
P025,28,27,1.3818294196612884
P025,29,28,0.37102486001270707
P025,30,29,0.7043719159069073
P025,31,30,0.29021852918571
P025,32,31,0.3818235227263697
P025,33,32,0.5272260502626683
P025,34,33,0.3287360351703408
P025,35,34,0.3832379689958998
P025,36,35,0.6488833165938926
P025,37,36,0.44237618398562695
P025,38,37,0.38626089998902535
P025,39,38,0.8521320986328399
P025,40,39,0.649929703628632
P025,41,40,0.5162876250217877
P025,42,41,0.7040818694571517
P025,43,42,0.470645699588994
P025,44,43,0.6280082978226389
P025,45,44,0.713621650367508
P025,46,45,0.38114236755404984
P025,47,46,0.6848762608426547
P025,48,47,0.3438486936532877
P025,49,48,0.22393192785028684
P025,50,49,0.8521320986328399
P026,1,0,1.9388666406880344
P026,2,1,0.8948787366484809
P026,3,2,0.39736572603078113
P026,4,3,0.9217703759539672
P026,5,4,0.4050214696343882
P026,6,5,0.5590098969221786
P026,7,6,0.10682064520123517
P026,8,7,0.6807867084407537
P026,9,8,0.7773175477044837
P026,10,9,1.6716634538103556
P026,11,10,1.4807705939569682
P026,12,11,0.1535982319207698
P026,13,12,0.5214745869904311
P026,14,13,0.19124158737967525
P026,15,14,0.3848935699590492
P026,16,15,0.3965308020343218
P026,17,16,2.4888201444219735
P026,18,17,0.33866658692262935
P026,19,18,0.6007153635649135
P026,20,19,0.7229083576882043
P026,21,20,0.35041379196045586
P026,22,21,0.26581989389157396
P026,23,22,1.1839130035606502
P026,24,23,0.37423886749831903
P026,25,24,0.5079775178002609
P026,26,25,0.5456818050247385
P026,27,26,0.7097836797309408
P026,28,27,0.20501890685941312
P026,29,28,0.5957428691551486
P026,30,29,0.7688561826714807
P026,31,30,0.9421805329839066
P026,32,31,0.6551621717941322
P026,33,32,0.23305871204187426
P026,34,33,0.3904189346406639
P026,35,34,0.6012441515259841
P026,36,35,0.7755465135644097
P026,37,36,0.931537708517251
P026,38,37,0.16698179296587723
P026,39,38,0.34708922861827196
P026,40,39,0.6659767263200719
P026,41,40,0.5850725766672198
P026,42,41,0.049176199846824066
P026,43,42,0.9702842326899496
P026,44,43,0.6585042973535514
P026,45,44,0.6445447705924771
P026,46,45,0.50862506309779
P026,47,46,0.13988991291996752
P026,48,47,0.5708073642301031
P026,49,48,0.772878026452856
P026,50,49,0.9947181401636166
P027,1,0,0.8328902522383107
P027,2,1,1.8111095977955614
P027,3,2,3.3923392128471948
P027,4,3,1.5797545284685328
P027,5,4,0.8601112109146719
P027,6,5,1.4592716096804992
P027,7,6,0.7579504466940135
P027,8,7,0.5892238371362124
P027,9,8,0.514945623959815
P027,10,9,1.051279804296286
P027,11,10,0.13335166109718638
P027,12,11,1.2113246050535729
P027,13,12,0.5645848026489685
P027,14,13,0.16126202698236294
P027,15,14,0.5746599248400355
P027,16,15,0.8109155103606044
P027,17,16,0.42349531820130487
P027,18,17,0.9567133233896704
P027,19,18,1.0155111288205023
P027,20,19,0.5956524201613997
P027,21,20,0.6471695426797044
P027,22,21,2.8005568153430853
P027,23,22,0.41792742857921295
P027,24,23,0.6759382194274718
P027,25,24,1.0453743566015241
P027,26,25,0.8188314560786044
P027,27,26,0.05734472747735001
P027,28,27,1.925283524029485
P027,29,28,0.8507433823748828
P027,30,29,0.3862462623293907
P027,31,30,0.8562028190789588
P027,32,31,0.8106429059322592
P027,33,32,0.4390613884663466
P027,34,33,0.18176730859056467
P027,35,34,0.7924292867541811
P027,36,35,0.9386013450093265
P027,37,36,1.3069061738738057
P027,38,37,0.39739638388082543
P027,39,38,0.586869155580427
P027,40,39,0.42375922994658605
P027,41,40,1.2015969791253407
P027,42,41,0.15305563818462245
P027,43,42,0.19822627055144482
P027,44,43,1.3340047558819723
P027,45,44,1.0803705024262533
P027,46,45,0.9424409130240544
P027,47,46,0.12499202980011313
P027,48,47,0.8737200762052423
P027,49,48,0.3193177732012524
P027,50,49,1.3595386542352126
P028,1,0,2.6383397975160827
P028,2,1,0.9233067134432879
P028,3,2,1.6616400168626622
P028,4,3,0.988826818891099
P028,5,4,0.7958450730396018
P028,6,5,0.8129596503249357
P028,7,6,0.6168514007521205
P028,8,7,1.287236302281501
P028,9,8,1.4132646257878205
P028,10,9,0.16736604463570998
P028,11,10,0.7952171007120179
P028,12,11,0.6535230774098725
P028,13,12,1.3587878335466461
P028,14,13,0.7000676500200476
P028,15,14,0.06932741059417877
P028,16,15,0.6567818301757283
P028,17,16,0.8731201452070375
P028,18,17,0.520530057802059
P028,19,18,0.32677495057531775
P028,20,19,0.8042165428835546
P028,21,20,0.4423448606071018
P028,22,21,0.7683941442680778
P028,23,22,0.207248503404932
P028,24,23,0.6271738268041968
P028,25,24,0.30757342380830477
P028,26,25,0.7304377196563134
P028,27,26,0.19550695167206897
P028,28,27,0.2329655333994121
P028,29,28,0.4600604798601436
P028,30,29,0.2656560803020229
P028,31,30,0.564966088259544
P028,32,31,0.2855256256663303
P028,33,32,0.14870149054672022
P028,34,33,0.4513689588813277
P028,35,34,0.7999714004698382
P028,36,35,0.8557395000095501
P028,37,36,0.208315042777025
P028,38,37,0.5585713683613701
P028,39,38,0.32209212030791023
P028,40,39,0.7822171169594877
P028,41,40,1.4091875561186011
P028,42,41,0.6838344350341129
P028,43,42,0.29733386345859664
P028,44,43,0.3147796443383781
P028,45,44,0.8937837047773597
P028,46,45,0.7947296351092732
P028,47,46,0.6268520812505738
P028,48,47,0.4254100059594747
P028,49,48,0.6006924723258915
P028,50,49,1.1326395179327393
P029,1,0,0.4958432270463845
P029,2,1,1.2472967608884638
P029,3,2,4.398890823234997
P029,4,3,0.6273450728715002
P029,5,4,0.485769833732741
P029,6,5,0.3445240373824446
P029,7,6,0.8122519336607666
P029,8,7,0.807086538878965
P029,9,8,0.14324509258586096
P029,10,9,0.7969020468974968
P029,11,10,0.33502046897634435
P029,12,11,0.6075576001236455
P029,13,12,1.2537730731252406
P029,14,13,0.661868700693797
P029,15,14,0.6527010542992855
P029,16,15,0.6971503631509022
P029,17,16,0.20004554063749763
P029,18,17,0.6013734664665115
P029,19,18,0.41609075679629537
P029,20,19,0.15337861650177936
P029,21,20,0.2662419410759415
P029,22,21,0.45162989024774963
P029,23,22,0.604387997352064
P029,24,23,0.21945397247611056
P029,25,24,0.5892626996051372
P029,26,25,1.8235628464628084
P029,27,26,1.2340174874594814
P029,28,27,0.16415763149638615
P029,29,28,1.1012139220879182
P029,30,29,0.6689452666054397
P029,31,30,0.7925876010398906
P029,32,31,1.0282294263862743
P029,33,32,0.750668652418923
P029,34,33,0.6509102394553382
P029,35,34,0.6387334909572476
P029,36,35,1.1722117524081646
P029,37,36,0.2852288070268889
P029,38,37,0.4501821644355616
P029,39,38,1.4657293432880678
P029,40,39,0.2479199252921532
P029,41,40,0.8791971913578056
P029,42,41,0.01240497518814119
P029,43,42,0.36046541094570655
P029,44,43,0.372065390725021
P029,45,44,0.41074556549855573
P029,46,45,1.0382637320175025
P029,47,46,0.2770456818475095
P029,48,47,0.1732018643649831
P029,49,48,0.7026258642452133
P029,50,49,0.28824931519900077
P030,1,0,0.6477981776556734
P030,2,1,0.40878986811065915
P030,3,2,0.5867100948096622
P030,4,3,0.7148105218384092
P030,5,4,0.9171298193758228
P030,6,5,0.3929332065416373
P030,7,6,0.7729547365356786
P030,8,7,0.8610259191628231
P030,9,8,0.6921741764766685
P030,10,9,1.1096873394836202
P030,11,10,0.7894409440518071
P030,12,11,0.8617745592807885
P030,13,12,0.2743335545916766
P030,14,13,0.9295269221745829
P030,15,14,0.5749637941268649
P030,16,15,0.3537753353508171
P030,17,16,0.15863389678597214
P030,18,17,0.08444689692363985
P030,19,18,0.5288658145924606
P030,20,19,0.3236666763613433
P030,21,20,1.013773709114029
P030,22,21,0.9862405553796572
P030,23,22,1.416649928700765
P030,24,23,0.5174727642328006
P030,25,24,1.0412701107679043
P030,26,25,0.46468465700600886
P030,27,26,0.6654010223224881
P030,28,27,0.16347998658804602
P030,29,28,0.6272570597491128
P030,30,29,0.5523381824691257
P030,31,30,2.928190874613614
P030,32,31,0.7236210916325067
P030,33,32,0.14366572576826692
P030,34,33,0.2935881937733848
P030,35,34,1.4627966556645873
P030,36,35,1.1771722876140782
P030,37,36,0.4599348426577327
P030,38,37,0.6433511792913477
P030,39,38,1.0012001293544923
P030,40,39,0.5861910425084331
P030,41,40,0.3235333500943083
P030,42,41,0.3665984888523937
P030,43,42,0.7450088312774834
P030,44,43,0.8436105566108609
P030,45,44,0.6740992937249987
P030,46,45,0.8899225367035649
P030,47,46,0.8809852695369563
P030,48,47,0.6811929455899353
P030,49,48,0.6644710781634673
P030,50,49,0.7020138474305302
P031,1,0,1.53950775392077
P031,2,1,0.4908574721606312
P031,3,2,0.392291446023548
P031,4,3,0.561192138319211
P031,5,4,0.42614375658398473
P031,6,5,0.4029935441614941
P031,7,6,0.4822482735493807
P031,8,7,0.9116413310584053
P031,9,8,0.5157328060615176
P031,10,9,1.3595750059951888
P031,11,10,0.7129272153909917
P031,12,11,0.11919187432778991
P031,13,12,0.43198728590844365
P031,14,13,0.3868540180351365
P031,15,14,1.0872214048441593
P031,16,15,0.7212189550548574
P031,17,16,1.137500802887836
P031,18,17,0.7897021477890108
P031,19,18,0.5807272798045977
P031,20,19,1.0227640916736351
P031,21,20,0.5041298872906921
P031,22,21,0.23755919056320635
P031,23,22,0.5181855610777889
P031,24,23,0.15968765600655377
P031,25,24,0.5847852854834713
P031,26,25,1.4106521836254502
P031,27,26,0.4581931017234944
P031,28,27,0.5156978081326491
P031,29,28,0.4987295727373062
P031,30,29,0.39277187208718234
P031,31,30,0.7769846192513034
P031,32,31,0.7248031268586533
P031,33,32,0.3970050913906309
P031,34,33,0.7033279330875861
P031,35,34,0.9754729792173616
P031,36,35,0.5421832755452085
P031,37,36,0.44214404713663974
P031,38,37,1.237771631315028
P031,39,38,0.14850458506898553
P031,40,39,0.952742318730951
P031,41,40,0.3082891895124071
P031,42,41,0.14357740095631322
P031,43,42,0.7787694935775746
P031,44,43,0.21211340908564652
P031,45,44,0.6421845598801809
P031,46,45,0.1558534764528815
P031,47,46,0.4822482735493807
P031,48,47,0.29305723663699673
P031,49,48,1.6443800407058227
P031,50,49,1.3159746737745763
P032,1,0,3.6043905823626843
P032,2,1,3.870402644681237
P032,3,2,4.234034176546436
P032,4,3,2.8245219554899554
P032,5,4,0.492581606973767
P032,6,5,0.25868440323282893
P032,7,6,0.6162184902276964
P032,8,7,2.4142526117475525
P032,9,8,1.502614209599598
P032,10,9,0.2188652051773163
P032,11,10,2.6268993884620326
P032,12,11,0.37007863374296684
P032,13,12,1.472993723512268
P032,14,13,0.3450716714052448
P032,15,14,1.5370444457427948
P032,16,15,0.4731589611358836
P032,17,16,1.0541024846713765
P032,18,17,1.0848560126854279
P032,19,18,0.38432158170581515
P032,20,19,1.6936445223765288
P032,21,20,0.7598338436170967
P032,22,21,0.9342458659315566
P032,23,22,0.6521279510623355
P032,24,23,0.04232863886175651
P032,25,24,0.48524711697119655
P032,26,25,3.0693688227557843
P032,27,26,4.2291396368906415
P032,28,27,2.6767590781853117
P032,29,28,0.6875616406156221
P032,30,29,0.3311151083885913
P032,31,30,0.4400723597772573
P032,32,31,0.2964102842694484
P032,33,32,0.08378958857197738
P032,34,33,0.6206646838132006
P032,35,34,0.25921009268551215
P032,36,35,0.534703632332909
P032,37,36,0.28237096004379086
P032,38,37,1.0487438773146083
P032,39,38,2.943607414021147
P032,40,39,0.7752962988975138
P032,41,40,0.548123445606085
P032,42,41,0.4876520466424261
P032,43,42,0.2674606589418947
P032,44,43,1.0592165655054226
P032,45,44,0.6607561053970789
P032,46,45,0.4415892765524717
P032,47,46,1.11008661896195
P032,48,47,0.7507058026341467
P032,49,48,0.19410740596027978
P032,50,49,0.20655902656933275
P033,1,0,1.254695624997519
P033,2,1,0.892051320515984
P033,3,2,0.5501444909816235
P033,4,3,0.1283441691909147
P033,5,4,1.3830300485364213
P033,6,5,0.21366957784507482
P033,7,6,0.7664739104893125
P033,8,7,0.032134454506870046
P033,9,8,0.8517191498399467
P033,10,9,0.7855245817178101
P033,11,10,0.6605453380310445
P033,12,11,0.32882991579296483
P033,13,12,0.06766022664704738
P033,14,13,0.5959457820636364
P033,15,14,0.8365554413648868
P033,16,15,0.5288597191496649
P033,17,16,0.06985730276443332
P033,18,17,0.3387387184891901
P033,19,18,0.3143900005169756
P033,20,19,0.8024525276872433
P033,21,20,0.4980265588343342
P033,22,21,0.16346257538744405
P033,23,22,0.4349271308343982
P033,24,23,0.35392803999910516
P033,25,24,0.3336818299756989
P033,26,25,0.6773065874247362
P033,27,26,0.09257587735689689
P033,28,27,0.2889989898515286
P033,29,28,0.2851329762308234
P033,30,29,0.34930804641213964
P033,31,30,0.6818112642570243
P033,32,31,0.8039049534161814
P033,33,32,2.737914401701762
P033,34,33,0.2448909157291559
P033,35,34,0.3998591839238805
P033,36,35,0.34433410847102713
P033,37,36,0.7335120805395867
P033,38,37,0.17296664718132607
P033,39,38,0.6013089869673633
P033,40,39,0.41456937112210335
P033,41,40,0.515857718915497
P033,42,41,0.7453784940352229
P033,43,42,0.06340684971955655
P033,44,43,1.5684101546932883
P033,45,44,0.8911809813577716
P033,46,45,0.48803395064056554
P033,47,46,0.18395723083105972
P033,48,47,0.6868195358437655
P033,49,48,0.2356788995776976
P033,50,49,1.0811474349910923
P034,1,0,1.8561557920095875
P034,2,1,1.4379131629758712
P034,3,2,1.9943531727555979
P034,4,3,0.9380220452871182
P034,5,4,2.360879688571658
P034,6,5,0.6443795999894341
P034,7,6,1.1504791300780517
P034,8,7,0.1539812727480605
P034,9,8,0.12311779779970695
P034,10,9,0.3479144632878248
P034,11,10,1.0215191278989275
P034,12,11,0.7491951197331077
P034,13,12,0.7678642380069793
P034,14,13,0.47447882135441993
P034,15,14,0.4693358794402202
P034,16,15,0.2916444576249496
P034,17,16,0.303493566757004
P034,18,17,0.057319900333593715
P034,19,18,0.8504519474233991
P034,20,19,0.6508085081483204
P034,21,20,0.23817594840875245
P034,22,21,0.3144634014314051
P034,23,22,0.30346826296104024
P034,24,23,0.21509122850943987
P034,25,24,0.3553045319548127
P034,26,25,0.3588323728667241
P034,27,26,0.6472897584040066
P034,28,27,0.38835291448452586
P034,29,28,0.9960895985113148
P034,30,29,1.8585731267581005
P034,31,30,5.719773424954418
P034,32,31,0.3830348052770843
P034,33,32,0.6313231370736193
P034,34,33,0.5037879644711003
P034,35,34,0.7926901749178517
P034,36,35,0.22022877639438682
P034,37,36,1.1747620317402916
P034,38,37,1.5045230710099229
P034,39,38,0.6539981842046497
P034,40,39,0.48714603820964114
P034,41,40,1.1384596433721696
P034,42,41,0.709331315591137
P034,43,42,0.4725348288553552
P034,44,43,0.7846441934320456
P034,45,44,0.7724726243791011
P034,46,45,0.45933297480536195
P034,47,46,0.51878305742696
P034,48,47,0.2721445517512702
P034,49,48,0.23910130508218858
P034,50,49,0.6991190594303248
P035,1,0,2.0712958630374674
P035,2,1,2.9100109786881867
P035,3,2,1.2272677480235543
P035,4,3,1.0606850086335056
P035,5,4,0.26309288021544297
P035,6,5,0.8151572646375409
P035,7,6,0.5754862369168703
P035,8,7,1.451582960192791
P035,9,8,0.9357560591863083
P035,10,9,1.5987488788483266
P035,11,10,0.7236628851481052
P035,12,11,0.1938852969940358
P035,13,12,1.4646129998527022
P035,14,13,0.9307944932004192
P035,15,14,1.2970891481663147
P035,16,15,0.583542911361718
P035,17,16,0.7683788412795375
P035,18,17,0.7743928793917093
P035,19,18,0.23913670671181084
P035,20,19,1.1920995193567279
P035,21,20,1.18320687799017
P035,22,21,0.1041692692064341
P035,23,22,0.3835327336754222
P035,24,23,1.93685584011311
P035,25,24,1.18087227132718
P035,26,25,1.2278627096078645
P035,27,26,0.06916553529843204
P035,28,27,1.546000845078133
P035,29,28,2.424701619609439
P035,30,29,0.9110126439781406
P035,31,30,0.7079410304755192
P035,32,31,1.0865703863900757
P035,33,32,1.643552228853718
P035,34,33,0.5771919011667447
P035,35,34,0.44968838638564756
P035,36,35,0.34183891669282007
P035,37,36,0.6372968926650355
P035,38,37,1.1143464528950946
P035,39,38,1.0775809098287514
P035,40,39,0.6637133239397561
P035,41,40,1.6058552173696665
P035,42,41,1.0481313045629115
P035,43,42,0.31372117582959386
P035,44,43,0.39911012715107463
P035,45,44,0.7591914808530245
P035,46,45,0.5707634858085289
P035,47,46,0.5565189838671241
P035,48,47,0.7785889441043564
P035,49,48,0.6928684620445282
P035,50,49,0.7111479406529261
P036,1,0,0.7799980581150607
P036,2,1,0.5706670257627374
P036,3,2,0.6124227633127277
P036,4,3,1.1430430236060984
P036,5,4,0.5030598838621847
P036,6,5,0.6463805049618024
P036,7,6,0.37422581716517106
P036,8,7,0.8198553074825277
P036,9,8,0.6854028488636369
P036,10,9,0.3784605560404885
P036,11,10,1.024336283078304
P036,12,11,0.5299911278535481
P036,13,12,0.6344067616866611
P036,14,13,0.7529495161906673
P036,15,14,0.4352377742580523
P036,16,15,0.9158598403413221
P036,17,16,0.8542592051366764
P036,18,17,0.5595580400595748
P036,19,18,0.43298493926364867
P036,20,19,0.9765137885810437
P036,21,20,0.9303517019930193
P036,22,21,0.5402046375241358
P036,23,22,0.12685161218161148
P036,24,23,0.3557496164167658
P036,25,24,0.6199551421582249
P036,26,25,0.8866436886664811
P036,27,26,0.3294018833966129
P036,28,27,0.5094678186568513
P036,29,28,1.1059261693819005
P036,30,29,0.480439086213044
P036,31,30,0.7420705536891916
P036,32,31,0.4101154413615078
P036,33,32,1.3197633165665057
P036,34,33,0.26622029725720675
P036,35,34,0.5780907502437476
P036,36,35,0.3020040501532926
P036,37,36,0.041554719138948135
P036,38,37,0.1477881136310094
P036,39,38,0.3647761451097577
P036,40,39,0.5902908774608944
P036,41,40,0.7305655786800198
P036,42,41,0.3986479417496801
P036,43,42,0.03735703642474909
P036,44,43,0.6066686702791284
P036,45,44,0.2059870434505898
P036,46,45,0.14563789823101633
P036,47,46,0.5691553364018648
P036,48,47,0.36259091062379983
P036,49,48,0.18930442993096067
P036,50,49,1.0381786500976093
P037,1,0,2.9504380297589035
P037,2,1,0.6936746549825178
P037,3,2,0.8076234299184382
P037,4,3,0.20981197128566142
P037,5,4,0.4914500711813804
P037,6,5,0.3574598825733798
P037,7,6,0.5429042444661901
P037,8,7,0.758726487120711
P037,9,8,0.7839621958648865
P037,10,9,0.9588838165263449
P037,11,10,0.2721680972535176
P037,12,11,0.6837710608465364
P037,13,12,0.32035500681396434
P037,14,13,0.09129461147622081
P037,15,14,0.06074071433988902
P037,16,15,0.4916170634324433
P037,17,16,0.18338331578973557
P037,18,17,0.5969852688441311
P037,19,18,0.3109422533323136
P037,20,19,0.15014201395003718
P037,21,20,0.4758420280932185
P037,22,21,0.6286851186116073
P037,23,22,0.9787313770369191
P037,24,23,0.8208286815514428
P037,25,24,0.24721505531989177
P037,26,25,0.6156009814482155
P037,27,26,0.49514127124196605
P037,28,27,0.559085056616955
P037,29,28,0.3807755909487424
P037,30,29,0.14518921181191266
P037,31,30,0.5712730175146401
P037,32,31,0.2745868946583563
P037,33,32,0.5614835841558299
P037,34,33,0.34647334535066715
P037,35,34,0.6524997632614912
P037,36,35,0.4089675491994628
P037,37,36,0.05504897575195491
P037,38,37,0.6599028960956291
P037,39,38,0.16583086704869426
P037,40,39,0.2202974645729826
P037,41,40,0.14611717059561588
P037,42,41,0.16487719890173402
P037,43,42,0.15252002981448037
P037,44,43,0.40965603104909276
P037,45,44,0.2825605713399151
P037,46,45,0.17998780518481833
P037,47,46,0.3475405871961276
P037,48,47,0.21941513949685568
P037,49,48,0.29509568094744093
P037,50,49,0.5698227992308009
P038,1,0,1.453031397648555
P038,2,1,0.2306657020405154
P038,3,2,1.8666335145028683
P038,4,3,0.5302689045305397
P038,5,4,0.4930537371860988
P038,6,5,0.32360356799521695
P038,7,6,1.1781747451957851
P038,8,7,0.7481417517010687
P038,9,8,0.695384872737861
P038,10,9,1.107294060679137
P038,11,10,0.5946994054640389
P038,12,11,0.12988411150021417
P038,13,12,0.6269707325055768
P038,14,13,0.8237683637581246
P038,15,14,0.6816619985634607
P038,16,15,0.7089568955019833
P038,17,16,0.9401919537571175
P038,18,17,0.2728132802992091
P038,19,18,0.6740409557637375
P038,20,19,0.41801618615521974
P038,21,20,0.64457900768105
P038,22,21,0.14953337042074413
P038,23,22,0.45986853598716043
P038,24,23,0.7450899691321925
P038,25,24,0.4018374666919564
P038,26,25,0.4466530673330768
P038,27,26,0.2390666506151388
P038,28,27,0.4404425530137479
P038,29,28,0.4264875769612274
P038,30,29,1.064295083762719
P038,31,30,0.056625184823735825
P038,32,31,0.15041610115850304
P038,33,32,0.984540725440558
P038,34,33,0.40191002386251956
P038,35,34,0.3648123935620817
P038,36,35,0.05430464163702229
P038,37,36,0.5698011773249223
P038,38,37,0.7883887479286559
P038,39,38,0.0760807382173545
P038,40,39,0.0683666295353871
P038,41,40,0.7936725420237831
P038,42,41,0.46362129834930793
P038,43,42,0.3601565693097439
P038,44,43,0.5585262932902653
P038,45,44,0.8715085892757735
P038,46,45,0.24877046349317097
P038,47,46,0.5463315515663526
P038,48,47,0.3591436810991797
P038,49,48,0.054585431125569295
P038,50,49,0.5993015553521397
P039,1,0,1.2234255391826128
P039,2,1,1.1475275273909804
P039,3,2,0.9215519261046415
P039,4,3,0.18407569586026643
P039,5,4,0.6619901340651905
P039,6,5,1.2928937722958243
P039,7,6,1.0544796566274908
P039,8,7,0.24126268248426375
P039,9,8,0.926831995956374
P039,10,9,0.21830632849558979
P039,11,10,0.5253282065238026
P039,12,11,0.4163823969170313
P039,13,12,0.5781447532649916
P039,14,13,0.22049376272834728
P039,15,14,0.8905106095980889
P039,16,15,0.1279602365817049
P039,17,16,0.25507088276316014
P039,18,17,0.9251641955155328
P039,19,18,0.4652553490930483
P039,20,19,0.6114846482682628
P039,21,20,0.34135460617312907
P039,22,21,0.7962134987593869
P039,23,22,0.45096364808500083
P039,24,23,0.5144790218299099
P039,25,24,0.689927758466134
P039,26,25,0.23755919056320635
P039,27,26,0.41532647615110163
P039,28,27,1.064850702116195
P039,29,28,0.5832814528754491
P039,30,29,0.6687214423409708
P039,31,30,0.12782623087825956
P039,32,31,0.9462949653526062
P039,33,32,2.156621229435543
P039,34,33,0.17806147329862818
P039,35,34,0.6348225277674077
P039,36,35,0.8198397875706938
P039,37,36,0.20343657544893182
P039,38,37,0.2833215245552436
P039,39,38,0.36863537272777785
P039,40,39,0.5387653633346461
P039,41,40,2.886162634048776
P039,42,41,0.3011709855743368
P039,43,42,0.3575071913969144
P039,44,43,0.3993005989121646
P039,45,44,0.4668411313716581
P039,46,45,0.8812104732799487
P039,47,46,0.4603034168792586
P039,48,47,0.5689968054187032
P039,49,48,0.2396771445708244
P039,50,49,0.5480092651365868
P040,1,0,2.6851195663988183
P040,2,1,1.1050744255520744
P040,3,2,1.3164917463379784
P040,4,3,1.603093838585038
P040,5,4,0.9361528256446021
P040,6,5,0.6580867896077616
P040,7,6,1.4197581308840095
P040,8,7,0.1979110504260432
P040,9,8,0.6871464046775301
P040,10,9,1.13357116155289
P040,11,10,1.0834044705608123
P040,12,11,0.4446129239063925
P040,13,12,0.33376548968488645
P040,14,13,0.7114915549608527
P040,15,14,0.22642000048911828
P040,16,15,0.8949832682360672
P040,17,16,2.059262460246814
P040,18,17,0.490909072187113
P040,19,18,0.33088616019478734
P040,20,19,0.13979431702406878
P040,21,20,0.34025228054673073
P040,22,21,0.7767097073857093
P040,23,22,0.7131218199508994
P040,24,23,0.8375971809217374
P040,25,24,0.5778888794046589
P040,26,25,0.8637129689160564
P040,27,26,1.0405348954754798
P040,28,27,0.40461563905748593
P040,29,28,0.2136134602486329
P040,30,29,0.39478052150055465
P040,31,30,1.4782180110597558
P040,32,31,0.3588371925535674
P040,33,32,0.15661201048185439
P040,34,33,0.8935520331628081
P040,35,34,0.42763419188917084
P040,36,35,0.421373982660195
P040,37,36,0.7638730854277717
P040,38,37,0.2630900536987848
P040,39,38,0.5408528646401104
P040,40,39,0.18289539073385636
P040,41,40,0.8461658892164708
P040,42,41,0.8720659444558028
P040,43,42,0.37297767365546153
P040,44,43,0.623154016541874
P040,45,44,0.2267906146211994
P040,46,45,1.1800497908430738
P040,47,46,0.3460039422855881
P040,48,47,0.9780080922995046
P040,49,48,0.779565761387279
P040,50,49,0.8573029129998765
P041,1,0,0.6970869144623021
P041,2,1,4.010028135092359
P041,3,2,1.275203924838795
P041,4,3,0.4848130430616901
P041,5,4,0.7075590986829202
P041,6,5,0.14881550285607353
P041,7,6,0.33431367452130767
P041,8,7,0.5007530133678706
P041,9,8,0.12279160890368505
P041,10,9,0.19906173909763883
P041,11,10,0.7527610016319696
P041,12,11,1.0548733528614553
P041,13,12,0.7278782407097961
P041,14,13,0.45317625996565664
P041,15,14,0.3522627387184812
P041,16,15,1.0179947042950348
P041,17,16,1.0828611463694895
P041,18,17,4.501822548476555
P041,19,18,0.21072246219759594
P041,20,19,0.16698176593942796
P041,21,20,0.717464670525211
P041,22,21,0.9547137877259401
P041,23,22,0.6295268285165184
P041,24,23,0.10187113622634218
P041,25,24,0.23044254758521465
P041,26,25,0.4848130430616901
P041,27,26,1.0076091841763408
P041,28,27,0.6224331221662892
P041,29,28,0.7144498071140924
P041,30,29,0.7070712727566105
P041,31,30,0.515245512506111
P041,32,31,0.2709804108264254
P041,33,32,0.41436068212654903
P041,34,33,0.3665716557219055
P041,35,34,1.032674804463514
P041,36,35,0.5264310913853784
P041,37,36,0.16560361878259303
P041,38,37,0.15815986157308992
P041,39,38,0.3107082851688646
P041,40,39,0.194090335603094
P041,41,40,1.301905436912125
P041,42,41,0.5657046767790765
P041,43,42,0.7374961089404659
P041,44,43,0.31625503913893904
P041,45,44,0.18636460148938452
P041,46,45,0.24248987563187144
P041,47,46,0.717640432652152
P041,48,47,0.685551230163066
P041,49,48,0.20959145831953674
P041,50,49,0.25869374453938304
P042,1,0,1.4479362209930986
P042,2,1,0.5120372538539973
P042,3,2,3.746212407212406
P042,4,3,1.9501306965783718
P042,5,4,0.916983966450102
P042,6,5,0.4882360035158668
P042,7,6,0.1430334883956023
P042,8,7,0.497480869482873
P042,9,8,0.747984870228909
P042,10,9,0.05427055434026093
P042,11,10,0.32222923979043994
P042,12,11,0.4190277810953817
P042,13,12,1.1851006786609564
P042,14,13,0.32585602546883047
P042,15,14,0.4430389177500133
P042,16,15,0.3937216644323342
P042,17,16,0.9467151572920736
P042,18,17,0.3298596647931202
P042,19,18,0.09133507716617029
P042,20,19,0.2172068222024536
P042,21,20,1.3369750716656092
P042,22,21,0.3305939335979415
P042,23,22,0.06566234739630579
P042,24,23,0.6591716430206411
P042,25,24,0.1636086729105838
P042,26,25,0.15365659624472816
P042,27,26,0.2582890674937645
P042,28,27,0.16489843523007278
P042,29,28,0.26622029725720653
P042,30,29,0.5088638454493667
P042,31,30,0.6466612766821621
P042,32,31,0.34879670343346453
P042,33,32,0.31561389907736404
P042,34,33,0.858537782409219
P042,35,34,0.6096491570785303
P042,36,35,0.4242927378210303
P042,37,36,0.44694110422484895
P042,38,37,0.22092229077633235
P042,39,38,0.48703861573951274
P042,40,39,0.177333938976122
P042,41,40,0.20361252571144636
P042,42,41,0.6040392155512655
P042,43,42,0.8262766546096804
P042,44,43,0.6390286372695964
P042,45,44,0.5807272798045977
P042,46,45,0.27877022582657235
P042,47,46,0.22151039517323415
P042,48,47,0.2971735089600261
P042,49,48,1.0038695699743108
P042,50,49,0.17978929154283815
P043,1,0,1.1424533634243674
P043,2,1,0.2534223076440572
P043,3,2,4.030636933600126
P043,4,3,0.8844956542462044
P043,5,4,3.8226545305503374
P043,6,5,2.7704177906290752
P043,7,6,0.5804950389918633
P043,8,7,0.7667771507159122
P043,9,8,0.6412000518381141
P043,10,9,0.45221130610578253
P043,11,10,0.05077595635673791
P043,12,11,0.7820859417994493
P043,13,12,0.6305154106882984
P043,14,13,0.4877864155887697
P043,15,14,0.46811263322027635
P043,16,15,0.5959275891297273
P043,17,16,0.4149257318633935
P043,18,17,4.581200994392235
P043,19,18,0.27551051472871974
P043,20,19,3.7867467769106766
P043,21,20,0.3171334912108914
P043,22,21,0.7069563788720421
P043,23,22,0.3257386200880529
P043,24,23,0.24372117258236606
P043,25,24,0.8083583428154831
P043,26,25,0.5404214150304384
P043,27,26,0.3862928532434899
P043,28,27,0.45979322306437365
P043,29,28,0.34523649200418
P043,30,29,1.2136500469836298
P043,31,30,0.3324944443214405
P043,32,31,0.5174181391407674
P043,33,32,3.986234337634359
P043,34,33,0.36702228493799016
P043,35,34,0.16993471721644632
P043,36,35,0.24279857897477122
P043,37,36,0.46102460533331213
P043,38,37,0.6107084548659096
P043,39,38,0.3920039093318347
P043,40,39,0.7798525898412946
P043,41,40,2.868666633498115
P043,42,41,4.251975618023924
P043,43,42,3.608299636883175
P043,44,43,4.098181759093708
P043,45,44,3.4751953558297473
P043,46,45,3.0912448786778715
P043,47,46,3.693434667427893
P043,48,47,4.47440579953903
P043,49,48,4.701574899858852
P043,50,49,4.524285772487852
P044,1,0,3.748991572331268
P044,2,1,3.6031821642245316
P044,3,2,2.0133045174088884
P044,4,3,1.5281040610458196
P044,5,4,0.8030533628864124
P044,6,5,1.5123762628721213
P044,7,6,1.308061542894676
P044,8,7,1.2775251230606075
P044,9,8,3.6448733769764408
P044,10,9,1.5405278914486276
P044,11,10,1.3297182924982032
P044,12,11,1.1350528637853714
P044,13,12,0.3336818299756989
P044,14,13,0.5791684882613709
P044,15,14,0.8649936788745828
P044,16,15,0.8177663522302221
P044,17,16,1.232928256614078
P044,18,17,0.7024391907668077
P044,19,18,0.8277250147096461
P044,20,19,1.7237846304710127
P044,21,20,1.1442238229417374
P044,22,21,1.0071535789900727
P044,23,22,3.5025786197320876
P044,24,23,1.207710496334611
P044,25,24,1.1215685372447128
P044,26,25,1.112023907547957
P044,27,26,0.6433851924309767
P044,28,27,0.9630701666578657
P044,29,28,1.453259885115606
P044,30,29,0.32372123895300176
P044,31,30,0.8507313616231831
P044,32,31,0.6883593944525797
P044,33,32,0.663947951554972
P044,34,33,1.0454993903428498
P044,35,34,1.160866778487337
P044,36,35,0.1731933163968726
P044,37,36,1.0177255446335314
P044,38,37,0.8618758778377712
P044,39,38,0.7419304203661558
P044,40,39,0.9054446745623941
P044,41,40,0.7349385680858045
P044,42,41,0.4978503224851153
P044,43,42,0.31429373277616
P044,44,43,1.4984555911210258
P044,45,44,0.15145670914718584
P044,46,45,0.6085192660434391
P044,47,46,0.5984320553283783
P044,48,47,0.7852980158719753
P044,49,48,0.9925848726695005
P044,50,49,0.4446539062247742
P045,1,0,3.9522165285080826
P045,2,1,1.7234317610224277
P045,3,2,1.8278073517581601
P045,4,3,0.7347939619234378
P045,5,4,1.0526404426547682
P045,6,5,1.0346783923328393
P045,7,6,1.1709533449295253
P045,8,7,0.8220737903690504
P045,9,8,0.9773464645450064
P045,10,9,0.3000779127628254
P045,11,10,0.35627862048968945
P045,12,11,0.22471954893822366
P045,13,12,0.4508939101711205
P045,14,13,0.3624167677448299
P045,15,14,1.050178858070101
P045,16,15,0.507526554552227
P045,17,16,0.1672729556516401
P045,18,17,0.9633812904235849
P045,19,18,0.4436911741042012
P045,20,19,3.7474228342080522
P045,21,20,0.35894284944825017
P045,22,21,4.015494997566922
P045,23,22,0.5276647020207538
P045,24,23,1.0908674138193233
P045,25,24,0.8652864446205593
P045,26,25,0.32965969482822294
P045,27,26,0.3246116536680861
P045,28,27,0.5967605439132292
P045,29,28,0.10326255311151139
P045,30,29,0.7358594518974644
P045,31,30,0.34938149498313636
P045,32,31,1.074237801263313
P045,33,32,0.7620858765809442
P045,34,33,0.19539681771988898
P045,35,34,0.597315095229409
P045,36,35,0.4047219982028198
P045,37,36,0.3825032584940619
P045,38,37,0.4840826123473856
P045,39,38,0.8308007888813999
P045,40,39,0.333108962049486
P045,41,40,0.18962468492646967
P045,42,41,0.18411429666065512
P045,43,42,0.6442663717534833
P045,44,43,0.2221812020563476
P045,45,44,0.6588320509978103
P045,46,45,0.15224627737069024
P045,47,46,1.0692152838326099
P045,48,47,0.4859962856527642
P045,49,48,0.7857451985756396
P045,50,49,0.4069663188545847
P046,1,0,2.9734214443127707
P046,2,1,0.7626253128276467
P046,3,2,0.9055655075215636
P046,4,3,1.0362447110042026
P046,5,4,0.8234845984405429
P046,6,5,0.48295246644090994
P046,7,6,0.715156812581431
P046,8,7,0.04241142504103706
P046,9,8,0.18735012212359423
P046,10,9,0.42123329408071697
P046,11,10,0.21356808896285573
P046,12,11,0.6391871779264207
P046,13,12,0.35028090950153806
P046,14,13,0.5315486672642874
P046,15,14,0.22615916332444302
P046,16,15,0.4296499554562216
P046,17,16,0.518260196155526
P046,18,17,0.22690356980539952
P046,19,18,0.24929672385539245
P046,20,19,1.0680843120168608
P046,21,20,0.269816458462368
P046,22,21,0.39081366999787304
P046,23,22,0.07998906897777439
P046,24,23,0.03341243487638459
P046,25,24,0.4174013087414346
P046,26,25,2.716910810677601
P046,27,26,0.9623603569622885
P046,28,27,0.14955450592725125
P046,29,28,0.5425253686325218
P046,30,29,0.4967495469593677
P046,31,30,0.5189569918739503
P046,32,31,0.4496996239422001
P046,33,32,1.051671101337785
P046,34,33,0.2367506997954501
P046,35,34,0.2785469427840542
P046,36,35,0.3826299387678047
P046,37,36,0.43092393766304066
P046,38,37,0.24278814383858238
P046,39,38,0.2673580180384918
P046,40,39,0.335903872308374
P046,41,40,0.6187050901843762
P046,42,41,0.5904672720568147
P046,43,42,0.43043197391889443
P046,44,43,0.45079647849458454
P046,45,44,0.3415186420392471
P046,46,45,0.42085691593013463
P046,47,46,0.3908909528317835
P046,48,47,0.16517169538053078
P046,49,48,0.2892992006956095
P046,50,49,0.3874211990162976
P047,1,0,0.5017878795551858
P047,2,1,1.927191429667284
P047,3,2,0.8541370102489475
P047,4,3,0.7136114726810548
P047,5,4,0.04757394036698247
P047,6,5,0.8280626544926312
P047,7,6,0.4598857599766117
P047,8,7,0.07515142529947227
P047,9,8,0.8559358618754368
P047,10,9,0.555680330572102
P047,11,10,0.6371693178421446
P047,12,11,1.4095927249459426
P047,13,12,0.25247047771250164
P047,14,13,0.26493163928431684
P047,15,14,0.4373114801514859
P047,16,15,0.6579566996858522
P047,17,16,0.3433163636397017
P047,18,17,0.37357615355633783
P047,19,18,0.48725210130717134
P047,20,19,0.8809813745202948
P047,21,20,0.6991769554499222
P047,22,21,0.23213740338651598
P047,23,22,0.2655371607223316
P047,24,23,0.26827588843178096
P047,25,24,0.335392749346437
P047,26,25,0.5775119173229794
P047,27,26,0.5139418838111371
P047,28,27,0.3798188685112824
P047,29,28,0.15639361646055527
P047,30,29,0.33154294783981686
P047,31,30,1.1622502659520229
P047,32,31,0.1897635965181944
P047,33,32,0.1823463183407928
P047,34,33,0.10414135278107577
P047,35,34,0.27098652317515065
P047,36,35,0.3486801835439071
P047,37,36,0.4033900277869581
P047,38,37,0.5173722716101894
P047,39,38,0.3189467297861165
P047,40,39,0.38735864069204895
P047,41,40,0.21996521547384065
P047,42,41,0.1911859706118853
P047,43,42,0.6041623252059438
P047,44,43,0.20638454735297213
P047,45,44,0.15311286946243624
P047,46,45,0.8719775885171975
P047,47,46,0.42599554293988207
P047,48,47,0.23337035103668602
P047,49,48,0.3811131458070916
P047,50,49,0.1486761222588718
P048,1,0,1.1240458029084193
P048,2,1,0.5456915292153602
P048,3,2,0.9112065702156202
P048,4,3,0.23896461372997235
P048,5,4,1.529594951215504
P048,6,5,0.4101404430870526
P048,7,6,0.8331078269631478
P048,8,7,0.8641878452488191
P048,9,8,0.8514291756354408
P048,10,9,0.46023228491556695
P048,11,10,0.4380976614243357
P048,12,11,0.1813585453038249
P048,13,12,0.12793135137276782
P048,14,13,0.3053540230625927
P048,15,14,0.6727335765095487
P048,16,15,0.8672604555402842
P048,17,16,0.27208915097556435
P048,18,17,0.6452036848637291
P048,19,18,0.3561585948908216
P048,20,19,0.2777563096353553
P048,21,20,0.4028524442976542
P048,22,21,0.49247209995318786
P048,23,22,0.4560800382776801
P048,24,23,1.1834827566752193
P048,25,24,1.1238551344463665
P048,26,25,0.20171995041850246
P048,27,26,0.06282289042398848
P048,28,27,0.6950798080026386
P048,29,28,0.5316447273989258
P048,30,29,0.3598511057085355
P048,31,30,0.6386143787895128
P048,32,31,0.9416979039496121
P048,33,32,0.1055139996469298
P048,34,33,0.7321742650329871
P048,35,34,0.44481883104312675
P048,36,35,0.6545658361485406
P048,37,36,0.626270241793858
P048,38,37,0.5503937638641471
P048,39,38,0.2645516428742204
P048,40,39,0.641328905295884
P048,41,40,0.23718164963812807
P048,42,41,0.34646440035865184
P048,43,42,0.6263538911245128
P048,44,43,0.20279930717915945
P048,45,44,0.8860164217717605
P048,46,45,0.7716195913699148
P048,47,46,0.5782125666239448
P048,48,47,0.44236094213323157
P048,49,48,0.40418309811477565
P048,50,49,0.8838676027967972
P049,1,0,1.7941893529312105
P049,2,1,0.33697374882616477
P049,3,2,1.13126428795838
P049,4,3,0.2185071549715394
P049,5,4,0.23535395148937843
P049,6,5,0.2646357639318952
P049,7,6,0.48321848075946017
P049,8,7,0.25608634897661914
P049,9,8,0.34459035730776044
P049,10,9,0.2703427649463413
P049,11,10,0.06485282008731792
P049,12,11,0.4135596201406437
P049,13,12,0.6342194853269643
P049,14,13,0.1636121750291265
P049,15,14,0.21173805944967758
P049,16,15,0.2538100298451583
P049,17,16,0.4013260490626664
P049,18,17,0.36923845159981317
P049,19,18,0.3607189171047269
P049,20,19,0.24923466438056008
P049,21,20,0.8150156310246893
P049,22,21,0.11361090975504916
P049,23,22,0.5151386181005821
P049,24,23,0.6477302380592073
P049,25,24,0.15867838861933226
P049,26,25,0.6525458435280789
P049,27,26,0.1754113043039556
P049,28,27,0.23597670812211077
P049,29,28,0.19268953788879803
P049,30,29,0.23217133775326176
P049,31,30,0.7759147290732978
P049,32,31,0.2933962578124912
P049,33,32,0.19347786419267068
P049,34,33,0.19258597679537096
P049,35,34,0.6814754519083803
P049,36,35,0.5423241043616961
P049,37,36,0.3160007566395175
P049,38,37,0.16580891580403162
P049,39,38,0.30554819889747337
P049,40,39,0.7042345079782445
P049,41,40,0.2817219334517403
P049,42,41,0.5706475445118446
P049,43,42,0.19827639013600057
P049,44,43,0.28728776064062134
P049,45,44,0.3467818637604386
P049,46,45,0.3710096883844942
P049,47,46,0.16009244778169454
P049,48,47,0.6775979661325376
P049,49,48,0.25895472658847696
P049,50,49,0.2931749283008079
P050,1,0,1.9297982920026133
P050,2,1,0.6744349057849748
P050,3,2,0.3606577487004035
P050,4,3,0.413339434690314
P050,5,4,0.8439379507394306
P050,6,5,1.5167943659107872
P050,7,6,0.2616997032743397
P050,8,7,0.8214450548970493
P050,9,8,1.2145603586118
P050,10,9,0.6640165506171017
P050,11,10,0.3637667284232518
P050,12,11,0.3457298346921939
P050,13,12,0.19951089773229663
P050,14,13,0.8426496515429387
P050,15,14,0.576121841304706
P050,16,15,1.0088103378831013
P050,17,16,0.4061441777401778
P050,18,17,0.4018374666919564
P050,19,18,0.7416693553553841
P050,20,19,0.8391840553934101
P050,21,20,0.6489948303241567
P050,22,21,0.2091778884839702
P050,23,22,0.6206122703570931
P050,24,23,0.14544968459973925
P050,25,24,0.40333941655754385
P050,26,25,0.34670243395124806
P050,27,26,0.14471127289089197
P050,28,27,0.053723693407115206
P050,29,28,0.3315486757989362
P050,30,29,0.1476638754476349
P050,31,30,0.33597986811337366
P050,32,31,0.5588271678761542
P050,33,32,0.8165216386012247
P050,34,33,0.3701582868727157
P050,35,34,0.735697669530729
P050,36,35,0.04889369194737617
P050,37,36,0.550310581876211
P050,38,37,0.07632149482556082
P050,39,38,0.06517653322885518
P050,40,39,0.6247681575582986
P050,41,40,0.3702708932662168
P050,42,41,0.08594930236980916
P050,43,42,0.5717281470716731
P050,44,43,0.6385047448275981
P050,45,44,0.04232745476627734
P050,46,45,0.3257156766656346
P050,47,46,0.3218277721583119
P050,48,47,0.680844223425412
P050,49,48,0.3221009597865722
P050,50,49,0.4286741513624401
P051,1,0,1.5894402820352358
P051,2,1,1.0010541669923314
P051,3,2,0.08650963594748642
P051,4,3,0.9185551239987169
P051,5,4,0.12781187627710675
P051,6,5,1.0373981465191207
P051,7,6,0.6263887695552978
P051,8,7,0.25222746716589156
P051,9,8,0.5074572030216903
P051,10,9,0.5791593133189533
P051,11,10,1.343618605086692
P051,12,11,1.2527831184179044
P051,13,12,0.7394145503383557
P051,14,13,0.08724325716957196
P051,15,14,0.5620942152592973
P051,16,15,0.3666573605934123
P051,17,16,0.259793943379328
P051,18,17,0.9292700896369054
P051,19,18,0.2990226268188568
P051,20,19,1.0392954657223084
P051,21,20,0.6444467345640058
P051,22,21,0.24656191902785882
P051,23,22,0.4206157160832567
P051,24,23,0.42942453746208015
P051,25,24,1.0872219226945616
P051,26,25,1.116718458874172
P051,27,26,0.796176333437625
P051,28,27,0.5155579666151708
P051,29,28,0.5788705143856124
P051,30,29,0.30638245684322113
P051,31,30,0.826565357535761
P051,32,31,0.6689313411182508
P051,33,32,0.38413322579573317
P051,34,33,1.123087110470456
P051,35,34,0.7257812554919704
P051,36,35,0.5207378964432027
P051,37,36,0.9345348559591297
P051,38,37,0.1390218747985828
P051,39,38,0.6631614445086357
P051,40,39,0.23993408958907572
P051,41,40,0.955141629667982
P051,42,41,0.24920673032559304
P051,43,42,0.2767193189734755
P051,44,43,0.48696346973728694
P051,45,44,0.9882449593038384
P051,46,45,1.0454918379857407
P051,47,46,0.19806036519938686
P051,48,47,0.8139973282453852
P051,49,48,0.8132594202259552
P051,50,49,0.6244643914330819
P052,1,0,2.6543040273035516
P052,2,1,2.9959395702752802
P052,3,2,1.4330508178512595
P052,4,3,1.1928236552319322
P052,5,4,0.26919172363218463
P052,6,5,1.69871273928333
P052,7,6,0.5885863769156747
P052,8,7,0.3784519854793963
P052,9,8,0.7927757210771333
P052,10,9,0.6786306662495192
P052,11,10,0.9639182348418452
P052,12,11,0.8704708841473549
P052,13,12,0.3316493384305796
P052,14,13,0.5460562548257376
P052,15,14,0.7792157575199432
P052,16,15,0.799593988581738
P052,17,16,1.8593703074027563
P052,18,17,1.0930539230007699
P052,19,18,0.3747843342428786
P052,20,19,1.4038975364708637
P052,21,20,0.14077557308651945
P052,22,21,0.2273666904934628
P052,23,22,0.5950052671505206
P052,24,23,0.32678712919287783
P052,25,24,0.6457299714045993
P052,26,25,0.5259661172027267
P052,27,26,0.5172349180972253
P052,28,27,1.6620925991458366
P052,29,28,0.28014883373124305
P052,30,29,0.3306716920706434
P052,31,30,1.0187412909864695
P052,32,31,0.24104953604296903
P052,33,32,0.047898821220344195
P052,34,33,0.5208272283336929
P052,35,34,0.22160250787464664
P052,36,35,0.9378389217834234
P052,37,36,0.2375882895943307
P052,38,37,0.4324146503611308
P052,39,38,0.7045215531278997
P052,40,39,0.2861617206634857
P052,41,40,0.7440879806389039
P052,42,41,0.775396502846816
P052,43,42,0.6903805757012899
P052,44,43,0.46390014252566436
P052,45,44,0.8338696547566915
P052,46,45,0.548809479878836
P052,47,46,0.7327752743498521
P052,48,47,0.6255405650198331
P052,49,48,1.298193645328955
P052,50,49,0.5587835863558803
P053,1,0,1.3546516498916648
P053,2,1,0.8841296671616606
P053,3,2,0.38704189948828865
P053,4,3,0.7606381336066163
P053,5,4,0.8330833331685304
P053,6,5,0.6059493591193272
P053,7,6,0.12398267862814041
P053,8,7,0.8893844032526335
P053,9,8,1.0369576381778183
P053,10,9,0.8549911903212483
P053,11,10,0.7962381286684531
P053,12,11,0.29117996511139005
P053,13,12,0.6476913721213279
P053,14,13,0.3347349412107238
P053,15,14,0.7356683143929862
P053,16,15,0.14388959019378467
P053,17,16,0.2955679479413944
P053,18,17,0.30783731398609654
P053,19,18,0.3089840160105887
P053,20,19,0.09985430882975736
P053,21,20,0.42242184890358436
P053,22,21,0.47942232260584905
P053,23,22,0.170840988977551
P053,24,23,0.37148970618532345
P053,25,24,0.28774410285196844
P053,26,25,0.148333443992461
P053,27,26,0.7083988004022533
P053,28,27,0.5299799663648493
P053,29,28,0.7287674125983803
P053,30,29,0.33672951545956353
P053,31,30,0.3052008863270678
P053,32,31,0.6783091400100966
P053,33,32,0.21847345059953777
P053,34,33,0.3228187486121534
P053,35,34,0.27840348521159974
P053,36,35,0.296374793422147
P053,37,36,0.16060307567209936
P053,38,37,0.3791210474958318
P053,39,38,0.9229376323275879
P053,40,39,0.48946650584039414
P053,41,40,0.4146799887676555
P053,42,41,0.21231358119584393
P053,43,42,0.329539862151714
P053,44,43,0.4890737375029279
P053,45,44,0.25102360996187356
P053,46,45,0.5718502912478812
P053,47,46,0.27828451932615306
P053,48,47,0.38875492475574275
P053,49,48,0.17949762039381112
P053,50,49,0.7944635635537807
P054,1,0,1.1229056914915942
P054,2,1,0.8774625347786709
P054,3,2,0.9824313905009414
P054,4,3,0.8736139375503199
P054,5,4,0.38113539661026835
P054,6,5,0.6892735563006446
P054,7,6,0.6872135687241512
P054,8,7,0.2639208407461714
P054,9,8,0.8720416464546333
P054,10,9,1.1011068215489968
P054,11,10,1.1654100490171375
P054,12,11,1.0114497024754887
P054,13,12,0.3006063474049204
P054,14,13,0.2828508296553761
P054,15,14,0.4767850381633112
P054,16,15,0.8123240788993992
P054,17,16,1.2337221780642027
P054,18,17,0.2009778416473497
P054,19,18,0.2552800413149881
P054,20,19,0.11061387475765927
P054,21,20,0.5052995001987908
P054,22,21,0.40532508587940175
P054,23,22,0.2918133774070976
P054,24,23,0.19666075588630186
P054,25,24,0.6083894768980531
P054,26,25,0.1877560446173118
P054,27,26,0.6791139550259829
P054,28,27,0.32530127323351626
P054,29,28,0.40702396410299174
P054,30,29,0.44577327798994154
P054,31,30,0.2557238134510433
P054,32,31,0.3399000664398531
P054,33,32,0.41106386520285376
P054,34,33,0.30171092823356815
P054,35,34,0.4018954314481284
P054,36,35,0.06524779607296177
P054,37,36,0.1821065278567522
P054,38,37,0.291289307046095
P054,39,38,0.49296786613734245
P054,40,39,0.4925791464944737
P054,41,40,0.4249919347833547
P054,42,41,0.4219117909600109
P054,43,42,0.3596416601625704
P054,44,43,0.40800446308895955
P054,45,44,0.13307080411212363
P054,46,45,0.7548451598981847
P054,47,46,0.609241163432694
P054,48,47,0.45984337889702576
P054,49,48,0.47014581509587866
P054,50,49,0.30988801662596416
P055,1,0,0.765125636296159
P055,2,1,1.3302211298670257
P055,3,2,0.8678607026239642
P055,4,3,0.39827486489185293
P055,5,4,0.7382539765235527
P055,6,5,0.9140254770214516
P055,7,6,0.6532938596893291
P055,8,7,0.8104459127709293
P055,9,8,1.2295910825592835
P055,10,9,0.9310897224163808
P055,11,10,0.22986063298161077
P055,12,11,0.22284932328922513
P055,13,12,0.5808609660617013
P055,14,13,0.3235238634635611
P055,15,14,1.0968680230550976
P055,16,15,0.7829495499760616
P055,17,16,0.23432180625098822
P055,18,17,0.35118409411132484
P055,19,18,0.7644260646568055
P055,20,19,0.8414063568846694
P055,21,20,0.27535628336499635
P055,22,21,0.6687798311490989
P055,23,22,0.8482465516067011
P055,24,23,0.17103482176416393
P055,25,24,0.4029675086135927
P055,26,25,0.6874502627242985
P055,27,26,0.7754042907505201
P055,28,27,1.0772049093062332
P055,29,28,0.44214404713663974
P055,30,29,0.7818900490403143
P055,31,30,0.5186608992088613
P055,32,31,0.04711789217393452
P055,33,32,0.5174651865854996
P055,34,33,0.4434454353507885
P055,35,34,2.550894388566625
P055,36,35,0.864288024827195
P055,37,36,0.45666426592602605
P055,38,37,0.5015528844085917
P055,39,38,0.35188093642475804
P055,40,39,0.4033520720327019
P055,41,40,0.40951787115884136
P055,42,41,0.26807286328291213
P055,43,42,0.4446539062247742
P055,44,43,0.39730317035195656
P055,45,44,0.9915092833053757
P055,46,45,0.42864888158007214
P055,47,46,1.294949532835192
P055,48,47,0.5764044075261957
P055,49,48,0.47618488091950845
P055,50,49,0.5149171185451333
