unique_id,window.scrollY,window.scrollX,board_center_x,board_center_y,board_bullseye_radius,board_outerRing_radius,startExperimentTime,endExperimentTime,startTrialTime,endTrialTime,trial_num,condition,trial_duration,which_throw,arrow_startingDirection,H_animation_speed_time,arrow_H_moving_duration,arrow_H_stopping_x,arrow_H_stopping_y,arrow_V_stopping_x,arrow_V_stopping_y,strength_duration,up_distance_traveled,up_distance_unit,distance_from_radius,which_ring,which_quadrant,throw_score,trial_score,total_score,played_response,difficulty_response,press_space_response,press_enter_response,dominant_hand_response,frequency_response,names_response,race_response,gender_response,education_response,income_response,country_response,age_response,id
WLL-1xsmba83i8tcqoq7d14106,2611,0,board_center_x_NULL,board_center_y_NULL,board_bullseye_radius_NULL,board_outerRing_radius_NULL,Fri Dec 17 2021 17:59:14 GMT-0500 (EST),Fri Dec 17 2021 18:09:14 GMT-0500 (EST),startTrialTime_NULL,endTrialTime_NULL,0,attention_checks,trial_duration_NULL,which_throw_NULL,arrow_startingDirection_NULL,H_animation_speed_time_NULL,arrow_H_moving_duration_NULL,arrow_H_stopping_x_NULL,arrow_H_stopping_y_NULL,arrow_V_stopping_x_NULL,arrow_V_stopping_y_NULL,strength_duration_NULL,up_distance_traveled_NULL,up_distance_unit_NULL,distance_from_radius_NULL,which_ring_NULL,which_quadrant_NULL,throw_score_NULL,trial_score_NULL,815,No,3,left,right,right,0,Darts,Hispanic or Latino,Female,Bachelor's degree,"$12,000 through $15,999",United States,21,51
WLL-30dnf4fs6ep8kplf4vp78q,2591.66650390625,0,board_center_x_NULL,board_center_y_NULL,board_bullseye_radius_NULL,board_outerRing_radius_NULL,Fri Dec 17 2021 17:16:55 GMT-0600 (Central Standard Time),Fri Dec 17 2021 17:26:13 GMT-0600 (Central Standard Time),startTrialTime_NULL,endTrialTime_NULL,0,attention_checks,trial_duration_NULL,which_throw_NULL,arrow_startingDirection_NULL,H_animation_speed_time_NULL,arrow_H_moving_duration_NULL,arrow_H_stopping_x_NULL,arrow_H_stopping_y_NULL,arrow_V_stopping_x_NULL,arrow_V_stopping_y_NULL,strength_duration_NULL,up_distance_traveled_NULL,up_distance_unit_NULL,distance_from_radius_NULL,which_ring_NULL,which_quadrant_NULL,throw_score_NULL,trial_score_NULL,795,No,5,left,right,right,0,None,Black or African American,Female,Associate's degree,"$35,000 through $49,999",USA,31,102
WLL-5s8q8lmrksxykysxvc4g9s,2858,0,board_center_x_NULL,board_center_y_NULL,board_bullseye_radius_NULL,board_outerRing_radius_NULL,Fri Dec 17 2021 17:23:02 GMT-0600 (Central Standard Time),Fri Dec 17 2021 17:38:41 GMT-0600 (Central Standard Time),startTrialTime_NULL,endTrialTime_NULL,0,attention_checks,trial_duration_NULL,which_throw_NULL,arrow_startingDirection_NULL,H_animation_speed_time_NULL,arrow_H_moving_duration_NULL,arrow_H_stopping_x_NULL,arrow_H_stopping_y_NULL,arrow_V_stopping_x_NULL,arrow_V_stopping_y_NULL,strength_duration_NULL,up_distance_traveled_NULL,up_distance_unit_NULL,distance_from_radius_NULL,which_ring_NULL,which_quadrant_NULL,throw_score_NULL,trial_score_NULL,935,No,3,left,right,right,0,None,Black or African American,Female,Bachelor's degree,"$50,000 through $74,999",United States,30,153
WLL-5uagnuqt906eourdqzv99n,2285,0,board_center_x_NULL,board_center_y_NULL,board_bullseye_radius_NULL,board_outerRing_radius_NULL,Fri Dec 17 2021 17:23:21 GMT-0600 (Central Standard Time),Fri Dec 17 2021 17:32:57 GMT-0600 (Central Standard Time),startTrialTime_NULL,endTrialTime_NULL,0,attention_checks,trial_duration_NULL,which_throw_NULL,arrow_startingDirection_NULL,H_animation_speed_time_NULL,arrow_H_moving_duration_NULL,arrow_H_stopping_x_NULL,arrow_H_stopping_y_NULL,arrow_V_stopping_x_NULL,arrow_V_stopping_y_NULL,strength_duration_NULL,up_distance_traveled_NULL,up_distance_unit_NULL,distance_from_radius_NULL,which_ring_NULL,which_quadrant_NULL,throw_score_NULL,trial_score_NULL,770,No,5,left,right,right,0,None,White,Male,"Professional degree (J.D., M.D., Ph.D)","$50,000 through $74,999",USA,53,204
WLL-607ajri93uvl8oe6dog27,2613,0,board_center_x_NULL,board_center_y_NULL,board_bullseye_radius_NULL,board_outerRing_radius_NULL,Fri Dec 17 2021 18:21:21 GMT-0500 (Eastern Standard Time),Fri Dec 17 2021 18:27:16 GMT-0500 (Eastern Standard Time),startTrialTime_NULL,endTrialTime_NULL,0,attention_checks,trial_duration_NULL,which_throw_NULL,arrow_startingDirection_NULL,H_animation_speed_time_NULL,arrow_H_moving_duration_NULL,arrow_H_stopping_x_NULL,arrow_H_stopping_y_NULL,arrow_V_stopping_x_NULL,arrow_V_stopping_y_NULL,strength_duration_NULL,up_distance_traveled_NULL,up_distance_unit_NULL,distance_from_radius_NULL,which_ring_NULL,which_quadrant_NULL,throw_score_NULL,trial_score_NULL,805,No,4,left,right,right,0,None,Asian,Female,Bachelor's degree,Prefer not to answer,USA,23,255
WLL-6d5ufxnb3y4b3wgv3nhaoc,2611,0,board_center_x_NULL,board_center_y_NULL,board_bullseye_radius_NULL,board_outerRing_radius_NULL,Fri Dec 17 2021 17:07:01 GMT-0600 (Central Standard Time),Fri Dec 17 2021 17:14:16 GMT-0600 (Central Standard Time),startTrialTime_NULL,endTrialTime_NULL,0,attention_checks,trial_duration_NULL,which_throw_NULL,arrow_startingDirection_NULL,H_animation_speed_time_NULL,arrow_H_moving_duration_NULL,arrow_H_stopping_x_NULL,arrow_H_stopping_y_NULL,arrow_V_stopping_x_NULL,arrow_V_stopping_y_NULL,strength_duration_NULL,up_distance_traveled_NULL,up_distance_unit_NULL,distance_from_radius_NULL,which_ring_NULL,which_quadrant_NULL,throw_score_NULL,trial_score_NULL,1085,No,3,left,right,right,0,none,White,Female,Master's degree,"$75,000 through $99,999",United States,44,306
WLL-6issj2vmotoejjt0plv48r,2642.39990234375,0,board_center_x_NULL,board_center_y_NULL,board_bullseye_radius_NULL,board_outerRing_radius_NULL,Fri Dec 17 2021 16:07:25 GMT-0700 (Mountain Standard Time),Fri Dec 17 2021 16:16:58 GMT-0700 (Mountain Standard Time),startTrialTime_NULL,endTrialTime_NULL,0,attention_checks,trial_duration_NULL,which_throw_NULL,arrow_startingDirection_NULL,H_animation_speed_time_NULL,arrow_H_moving_duration_NULL,arrow_H_stopping_x_NULL,arrow_H_stopping_y_NULL,arrow_V_stopping_x_NULL,arrow_V_stopping_y_NULL,strength_duration_NULL,up_distance_traveled_NULL,up_distance_unit_NULL,distance_from_radius_NULL,which_ring_NULL,which_quadrant_NULL,throw_score_NULL,trial_score_NULL,810,No,2,left,right,right,3,not sure but it was the carvinal type games on neopets,White,Female,Bachelor's degree,"$50,000 through $74,999",united states,28,357
WLL-6rkb082cz8f1l0wkg4c5wt,2610,0,board_center_x_NULL,board_center_y_NULL,board_bullseye_radius_NULL,board_outerRing_radius_NULL,Fri Dec 17 2021 17:26:33 GMT-0600 (Central Standard Time),Fri Dec 17 2021 17:35:26 GMT-0600 (Central Standard Time),startTrialTime_NULL,endTrialTime_NULL,0,attention_checks,trial_duration_NULL,which_throw_NULL,arrow_startingDirection_NULL,H_animation_speed_time_NULL,arrow_H_moving_duration_NULL,arrow_H_stopping_x_NULL,arrow_H_stopping_y_NULL,arrow_V_stopping_x_NULL,arrow_V_stopping_y_NULL,strength_duration_NULL,up_distance_traveled_NULL,up_distance_unit_NULL,distance_from_radius_NULL,which_ring_NULL,which_quadrant_NULL,throw_score_NULL,trial_score_NULL,1020,No,2,left,right,right,0,0,White,Female,High school or GED,"$100,000 through $149,999",United States,20,408
WLL-70jggm5ndjcqim46s57r4,2454.54541015625,0,board_center_x_NULL,board_center_y_NULL,board_bullseye_radius_NULL,board_outerRing_radius_NULL,Fri Dec 17 2021 17:20:55 GMT-0600 (Central Standard Time),Fri Dec 17 2021 17:30:29 GMT-0600 (Central Standard Time),startTrialTime_NULL,endTrialTime_NULL,0,attention_checks,trial_duration_NULL,which_throw_NULL,arrow_startingDirection_NULL,H_animation_speed_time_NULL,arrow_H_moving_duration_NULL,arrow_H_stopping_x_NULL,arrow_H_stopping_y_NULL,arrow_V_stopping_x_NULL,arrow_V_stopping_y_NULL,strength_duration_NULL,up_distance_traveled_NULL,up_distance_unit_NULL,distance_from_radius_NULL,which_ring_NULL,which_quadrant_NULL,throw_score_NULL,trial_score_NULL,825,No,5,right,right,right,0,None,Hispanic or Latino,Female,Bachelor's degree,"$35,000 through $49,999",U.S.,28,459
WLL-81c59x8g79izogzyewekb,2603,0,board_center_x_NULL,board_center_y_NULL,board_bullseye_radius_NULL,board_outerRing_radius_NULL,Fri Dec 17 2021 15:22:52 GMT-0800 (Pacific Standard Time),Fri Dec 17 2021 15:34:33 GMT-0800 (Pacific Standard Time),startTrialTime_NULL,endTrialTime_NULL,0,attention_checks,trial_duration_NULL,which_throw_NULL,arrow_startingDirection_NULL,H_animation_speed_time_NULL,arrow_H_moving_duration_NULL,arrow_H_stopping_x_NULL,arrow_H_stopping_y_NULL,arrow_V_stopping_x_NULL,arrow_V_stopping_y_NULL,strength_duration_NULL,up_distance_traveled_NULL,up_distance_unit_NULL,distance_from_radius_NULL,which_ring_NULL,which_quadrant_NULL,throw_score_NULL,trial_score_NULL,705,No,5,left,right,right,0,None,White,Female,High school or GED,"$50,000 through $74,999",United States,64,510
WLL-9kqyqm6x80l1gchu49bi0m,2639,0,board_center_x_NULL,board_center_y_NULL,board_bullseye_radius_NULL,board_outerRing_radius_NULL,Fri Dec 17 2021 17:09:10 GMT-0600 (Central Standard Time),Fri Dec 17 2021 17:18:50 GMT-0600 (Central Standard Time),startTrialTime_NULL,endTrialTime_NULL,0,attention_checks,trial_duration_NULL,which_throw_NULL,arrow_startingDirection_NULL,H_animation_speed_time_NULL,arrow_H_moving_duration_NULL,arrow_H_stopping_x_NULL,arrow_H_stopping_y_NULL,arrow_V_stopping_x_NULL,arrow_V_stopping_y_NULL,strength_duration_NULL,up_distance_traveled_NULL,up_distance_unit_NULL,distance_from_radius_NULL,which_ring_NULL,which_quadrant_NULL,throw_score_NULL,trial_score_NULL,855,No,5,right,right,left,0,none,White,Female,Bachelor's degree,Unsure,US,22,561
WLL-9zzhijppaxrdna82ks90r,2723,0,board_center_x_NULL,board_center_y_NULL,board_bullseye_radius_NULL,board_outerRing_radius_NULL,Fri Dec 17 2021 15:20:40 GMT-0800 (Pacific Standard Time),Fri Dec 17 2021 15:28:53 GMT-0800 (Pacific Standard Time),startTrialTime_NULL,endTrialTime_NULL,0,attention_checks,trial_duration_NULL,which_throw_NULL,arrow_startingDirection_NULL,H_animation_speed_time_NULL,arrow_H_moving_duration_NULL,arrow_H_stopping_x_NULL,arrow_H_stopping_y_NULL,arrow_V_stopping_x_NULL,arrow_V_stopping_y_NULL,strength_duration_NULL,up_distance_traveled_NULL,up_distance_unit_NULL,distance_from_radius_NULL,which_ring_NULL,which_quadrant_NULL,throw_score_NULL,trial_score_NULL,945,No,2,left,right,right,0,none,Black or African American,Male,Bachelor's degree,"$50,000 through $74,999",united states,35,612
WLL-azpd7o6cvn1kmld3ppf5hh,2824.666748046875,0,board_center_x_NULL,board_center_y_NULL,board_bullseye_radius_NULL,board_outerRing_radius_NULL,Fri Dec 17 2021 17:18:51 GMT-0600 (Central Standard Time),Fri Dec 17 2021 17:28:53 GMT-0600 (Central Standard Time),startTrialTime_NULL,endTrialTime_NULL,0,attention_checks,trial_duration_NULL,which_throw_NULL,arrow_startingDirection_NULL,H_animation_speed_time_NULL,arrow_H_moving_duration_NULL,arrow_H_stopping_x_NULL,arrow_H_stopping_y_NULL,arrow_V_stopping_x_NULL,arrow_V_stopping_y_NULL,strength_duration_NULL,up_distance_traveled_NULL,up_distance_unit_NULL,distance_from_radius_NULL,which_ring_NULL,which_quadrant_NULL,throw_score_NULL,trial_score_NULL,765,Yes,3,left,right,left,2,Basket Slame,White,Female,High school or GED,"$16,000 through $24,999",United States,24,663
WLL-b8rhrsdfp1nv5rizggf9x,2565,0,board_center_x_NULL,board_center_y_NULL,board_bullseye_radius_NULL,board_outerRing_radius_NULL,Fri Dec 17 2021 17:23:43 GMT-0600 (Central Standard Time),Fri Dec 17 2021 17:33:55 GMT-0600 (Central Standard Time),startTrialTime_NULL,endTrialTime_NULL,0,attention_checks,trial_duration_NULL,which_throw_NULL,arrow_startingDirection_NULL,H_animation_speed_time_NULL,arrow_H_moving_duration_NULL,arrow_H_stopping_x_NULL,arrow_H_stopping_y_NULL,arrow_V_stopping_x_NULL,arrow_V_stopping_y_NULL,strength_duration_NULL,up_distance_traveled_NULL,up_distance_unit_NULL,distance_from_radius_NULL,which_ring_NULL,which_quadrant_NULL,throw_score_NULL,trial_score_NULL,520,No,3,left,right,right,0,None,Multiracial or Biracial,Female,Bachelor's degree,"$35,000 through $49,999",US,44,714
WLL-bgdwxdg4r8sofffdiwkkc,2667,0,board_center_x_NULL,board_center_y_NULL,board_bullseye_radius_NULL,board_outerRing_radius_NULL,Fri Dec 17 2021 18:25:37 GMT-0500 (Eastern Standard Time),Fri Dec 17 2021 18:47:49 GMT-0500 (Eastern Standard Time),startTrialTime_NULL,endTrialTime_NULL,0,attention_checks,trial_duration_NULL,which_throw_NULL,arrow_startingDirection_NULL,H_animation_speed_time_NULL,arrow_H_moving_duration_NULL,arrow_H_stopping_x_NULL,arrow_H_stopping_y_NULL,arrow_V_stopping_x_NULL,arrow_V_stopping_y_NULL,strength_duration_NULL,up_distance_traveled_NULL,up_distance_unit_NULL,distance_from_radius_NULL,which_ring_NULL,which_quadrant_NULL,throw_score_NULL,trial_score_NULL,900,No,5,right,right,right,0,None,White,Female,High school or GED,"$75,000 through $99,999",United States,52,765
WLL-c8os6l8g7njonwlild0byg,2333,0,board_center_x_NULL,board_center_y_NULL,board_bullseye_radius_NULL,board_outerRing_radius_NULL,Fri Dec 17 2021 17:12:29 GMT-0600 (Central Standard Time),Fri Dec 17 2021 17:20:23 GMT-0600 (Central Standard Time),startTrialTime_NULL,endTrialTime_NULL,0,attention_checks,trial_duration_NULL,which_throw_NULL,arrow_startingDirection_NULL,H_animation_speed_time_NULL,arrow_H_moving_duration_NULL,arrow_H_stopping_x_NULL,arrow_H_stopping_y_NULL,arrow_V_stopping_x_NULL,arrow_V_stopping_y_NULL,strength_duration_NULL,up_distance_traveled_NULL,up_distance_unit_NULL,distance_from_radius_NULL,which_ring_NULL,which_quadrant_NULL,throw_score_NULL,trial_score_NULL,790,No,2,left,right,right,0,None,White,Female,High school or GED,"$100,000 through $149,999",United States,20,816
WLL-cditn2krvhevnwleb84b3,2753,0,board_center_x_NULL,board_center_y_NULL,board_bullseye_radius_NULL,board_outerRing_radius_NULL,Fri Dec 17 2021 18:02:25 GMT-0500 (Eastern Standard Time),Fri Dec 17 2021 18:11:46 GMT-0500 (Eastern Standard Time),startTrialTime_NULL,endTrialTime_NULL,0,attention_checks,trial_duration_NULL,which_throw_NULL,arrow_startingDirection_NULL,H_animation_speed_time_NULL,arrow_H_moving_duration_NULL,arrow_H_stopping_x_NULL,arrow_H_stopping_y_NULL,arrow_V_stopping_x_NULL,arrow_V_stopping_y_NULL,strength_duration_NULL,up_distance_traveled_NULL,up_distance_unit_NULL,distance_from_radius_NULL,which_ring_NULL,which_quadrant_NULL,throw_score_NULL,trial_score_NULL,735,No,5,right,right,right,0,None,White,Female,Bachelor's degree,"$25,000 through $34,999",USA,27,867
WLL-d6n9hrar46ir53103nsson,2698,0,board_center_x_NULL,board_center_y_NULL,board_bullseye_radius_NULL,board_outerRing_radius_NULL,Fri Dec 17 2021 17:23:21 GMT-0600 (CST),Fri Dec 17 2021 17:33:02 GMT-0600 (CST),startTrialTime_NULL,endTrialTime_NULL,0,attention_checks,trial_duration_NULL,which_throw_NULL,arrow_startingDirection_NULL,H_animation_speed_time_NULL,arrow_H_moving_duration_NULL,arrow_H_stopping_x_NULL,arrow_H_stopping_y_NULL,arrow_V_stopping_x_NULL,arrow_V_stopping_y_NULL,strength_duration_NULL,up_distance_traveled_NULL,up_distance_unit_NULL,distance_from_radius_NULL,which_ring_NULL,which_quadrant_NULL,throw_score_NULL,trial_score_NULL,985,No,5,left,right,right,0,Darts,Hispanic or Latino,Female,Associate's degree,"$25,000 through $34,999",United States,28,918
WLL-dyvy7dm41t9c20upes5e7s,2711,0,board_center_x_NULL,board_center_y_NULL,board_bullseye_radius_NULL,board_outerRing_radius_NULL,Fri Dec 17 2021 17:23:24 GMT-0600 (Central Standard Time),Fri Dec 17 2021 17:35:02 GMT-0600 (Central Standard Time),startTrialTime_NULL,endTrialTime_NULL,0,attention_checks,trial_duration_NULL,which_throw_NULL,arrow_startingDirection_NULL,H_animation_speed_time_NULL,arrow_H_moving_duration_NULL,arrow_H_stopping_x_NULL,arrow_H_stopping_y_NULL,arrow_V_stopping_x_NULL,arrow_V_stopping_y_NULL,strength_duration_NULL,up_distance_traveled_NULL,up_distance_unit_NULL,distance_from_radius_NULL,which_ring_NULL,which_quadrant_NULL,throw_score_NULL,trial_score_NULL,700,No,5,left,right,right,0,None,White,Female,Master's degree,"$100,000 through $149,999",US,28,969
WLL-ed3o6umvr0biq36oj50cs,2778,0,board_center_x_NULL,board_center_y_NULL,board_bullseye_radius_NULL,board_outerRing_radius_NULL,Fri Dec 17 2021 15:24:23 GMT-0800 (Pacific Standard Time),Fri Dec 17 2021 15:33:44 GMT-0800 (Pacific Standard Time),startTrialTime_NULL,endTrialTime_NULL,0,attention_checks,trial_duration_NULL,which_throw_NULL,arrow_startingDirection_NULL,H_animation_speed_time_NULL,arrow_H_moving_duration_NULL,arrow_H_stopping_x_NULL,arrow_H_stopping_y_NULL,arrow_V_stopping_x_NULL,arrow_V_stopping_y_NULL,strength_duration_NULL,up_distance_traveled_NULL,up_distance_unit_NULL,distance_from_radius_NULL,which_ring_NULL,which_quadrant_NULL,throw_score_NULL,trial_score_NULL,950,No,3,left,right,right,0,none,White,Male,Bachelor's degree,Prefer not to answer,United States,28,1020
WLL-fg6gagq4mdrdsh7r67su,2554,0,board_center_x_NULL,board_center_y_NULL,board_bullseye_radius_NULL,board_outerRing_radius_NULL,Fri Dec 17 2021 15:18:47 GMT-0800 (Pacific Standard Time),Fri Dec 17 2021 15:25:34 GMT-0800 (Pacific Standard Time),startTrialTime_NULL,endTrialTime_NULL,0,attention_checks,trial_duration_NULL,which_throw_NULL,arrow_startingDirection_NULL,H_animation_speed_time_NULL,arrow_H_moving_duration_NULL,arrow_H_stopping_x_NULL,arrow_H_stopping_y_NULL,arrow_V_stopping_x_NULL,arrow_V_stopping_y_NULL,strength_duration_NULL,up_distance_traveled_NULL,up_distance_unit_NULL,distance_from_radius_NULL,which_ring_NULL,which_quadrant_NULL,throw_score_NULL,trial_score_NULL,1055,Yes,5,left,right,right,1,Darts,White,Male,High school or GED,Prefer not to answer,United States of America,20,1071
WLL-fivm6lcsszsqaiphl1v2,2685,0,board_center_x_NULL,board_center_y_NULL,board_bullseye_radius_NULL,board_outerRing_radius_NULL,Fri Dec 17 2021 17:03:10 GMT-0600 (Central Standard Time),Fri Dec 17 2021 17:11:27 GMT-0600 (Central Standard Time),startTrialTime_NULL,endTrialTime_NULL,0,attention_checks,trial_duration_NULL,which_throw_NULL,arrow_startingDirection_NULL,H_animation_speed_time_NULL,arrow_H_moving_duration_NULL,arrow_H_stopping_x_NULL,arrow_H_stopping_y_NULL,arrow_V_stopping_x_NULL,arrow_V_stopping_y_NULL,strength_duration_NULL,up_distance_traveled_NULL,up_distance_unit_NULL,distance_from_radius_NULL,which_ring_NULL,which_quadrant_NULL,throw_score_NULL,trial_score_NULL,1030,No,3,left,right,right,0,None,Hispanic or Latino,Female,Bachelor's degree,"$12,000 through $15,999",USA,23,1122
WLL-gzyn6ye7huivx8fmtrt2mj,1950,0,board_center_x_NULL,board_center_y_NULL,board_bullseye_radius_NULL,board_outerRing_radius_NULL,Fri Dec 17 2021 15:25:05 GMT-0800 (Pacific Standard Time),Fri Dec 17 2021 15:37:34 GMT-0800 (Pacific Standard Time),startTrialTime_NULL,endTrialTime_NULL,0,attention_checks,trial_duration_NULL,which_throw_NULL,arrow_startingDirection_NULL,H_animation_speed_time_NULL,arrow_H_moving_duration_NULL,arrow_H_stopping_x_NULL,arrow_H_stopping_y_NULL,arrow_V_stopping_x_NULL,arrow_V_stopping_y_NULL,strength_duration_NULL,up_distance_traveled_NULL,up_distance_unit_NULL,distance_from_radius_NULL,which_ring_NULL,which_quadrant_NULL,throw_score_NULL,trial_score_NULL,870,No,2,right,right,right,0,Darts,Asian,Male,Prefer not to answer,"$75,000 through $99,999",United States,21,1173
WLL-i3nl0aur740z01p9wpa9u,2580,0,board_center_x_NULL,board_center_y_NULL,board_bullseye_radius_NULL,board_outerRing_radius_NULL,Fri Dec 17 2021 18:22:59 GMT-0500 (Eastern Standard Time),Fri Dec 17 2021 18:30:44 GMT-0500 (Eastern Standard Time),startTrialTime_NULL,endTrialTime_NULL,0,attention_checks,trial_duration_NULL,which_throw_NULL,arrow_startingDirection_NULL,H_animation_speed_time_NULL,arrow_H_moving_duration_NULL,arrow_H_stopping_x_NULL,arrow_H_stopping_y_NULL,arrow_V_stopping_x_NULL,arrow_V_stopping_y_NULL,strength_duration_NULL,up_distance_traveled_NULL,up_distance_unit_NULL,distance_from_radius_NULL,which_ring_NULL,which_quadrant_NULL,throw_score_NULL,trial_score_NULL,1105,No,3,left,right,right,0,None,White,Female,High school or GED,"$25,000 through $34,999",USA,34,1224
WLL-i7su7y9vk6b900f3oqpsr,2611,0,board_center_x_NULL,board_center_y_NULL,board_bullseye_radius_NULL,board_outerRing_radius_NULL,Fri Dec 17 2021 17:55:18 GMT-0500 (EST),Fri Dec 17 2021 18:03:37 GMT-0500 (EST),startTrialTime_NULL,endTrialTime_NULL,0,attention_checks,trial_duration_NULL,which_throw_NULL,arrow_startingDirection_NULL,H_animation_speed_time_NULL,arrow_H_moving_duration_NULL,arrow_H_stopping_x_NULL,arrow_H_stopping_y_NULL,arrow_V_stopping_x_NULL,arrow_V_stopping_y_NULL,strength_duration_NULL,up_distance_traveled_NULL,up_distance_unit_NULL,distance_from_radius_NULL,which_ring_NULL,which_quadrant_NULL,throw_score_NULL,trial_score_NULL,750,No,1,left,right,right,0,None,Hispanic or Latino,Female,High school or GED,"$35,000 through $49,999",United States,19,1275
WLL-j445yg5ne2lq4a5b99uo5,2860,0,board_center_x_NULL,board_center_y_NULL,board_bullseye_radius_NULL,board_outerRing_radius_NULL,Fri Dec 17 2021 17:07:46 GMT-0600 (Central Standard Time),Fri Dec 17 2021 17:16:41 GMT-0600 (Central Standard Time),startTrialTime_NULL,endTrialTime_NULL,0,attention_checks,trial_duration_NULL,which_throw_NULL,arrow_startingDirection_NULL,H_animation_speed_time_NULL,arrow_H_moving_duration_NULL,arrow_H_stopping_x_NULL,arrow_H_stopping_y_NULL,arrow_V_stopping_x_NULL,arrow_V_stopping_y_NULL,strength_duration_NULL,up_distance_traveled_NULL,up_distance_unit_NULL,distance_from_radius_NULL,which_ring_NULL,which_quadrant_NULL,throw_score_NULL,trial_score_NULL,1025,No,5,left,right,right,0,None,White,Female,"Professional degree (J.D., M.D., Ph.D)","$100,000 through $149,999",United States,32,1326
WLL-jkxabphww2tdyxxqkqk3b,2466.666748046875,0,board_center_x_NULL,board_center_y_NULL,board_bullseye_radius_NULL,board_outerRing_radius_NULL,Fri Dec 17 2021 14:57:03 GMT-0800 (Pacific Standard Time),Fri Dec 17 2021 15:06:37 GMT-0800 (Pacific Standard Time),startTrialTime_NULL,endTrialTime_NULL,0,attention_checks,trial_duration_NULL,which_throw_NULL,arrow_startingDirection_NULL,H_animation_speed_time_NULL,arrow_H_moving_duration_NULL,arrow_H_stopping_x_NULL,arrow_H_stopping_y_NULL,arrow_V_stopping_x_NULL,arrow_V_stopping_y_NULL,strength_duration_NULL,up_distance_traveled_NULL,up_distance_unit_NULL,distance_from_radius_NULL,which_ring_NULL,which_quadrant_NULL,throw_score_NULL,trial_score_NULL,795,No,3,left,right,right,0,None,White,Female,High school or GED,"$100,000 through $149,999",United States,21,1377
WLL-k6v7p9tfclcp8ocky6eebi,2501,0,board_center_x_NULL,board_center_y_NULL,board_bullseye_radius_NULL,board_outerRing_radius_NULL,Fri Dec 17 2021 18:25:38 GMT-0500 (Eastern Standard Time),Fri Dec 17 2021 18:32:42 GMT-0500 (Eastern Standard Time),startTrialTime_NULL,endTrialTime_NULL,0,attention_checks,trial_duration_NULL,which_throw_NULL,arrow_startingDirection_NULL,H_animation_speed_time_NULL,arrow_H_moving_duration_NULL,arrow_H_stopping_x_NULL,arrow_H_stopping_y_NULL,arrow_V_stopping_x_NULL,arrow_V_stopping_y_NULL,strength_duration_NULL,up_distance_traveled_NULL,up_distance_unit_NULL,distance_from_radius_NULL,which_ring_NULL,which_quadrant_NULL,throw_score_NULL,trial_score_NULL,810,No,3,left,right,right,0,None,Black or African American,Female,High school or GED,"$25,000 through $34,999",United States,35,1428
WLL-kczt179n6lk9w1ah00hzs,2866,0,board_center_x_NULL,board_center_y_NULL,board_bullseye_radius_NULL,board_outerRing_radius_NULL,Fri Dec 17 2021 23:12:56 GMT+0000 (Greenwich Mean Time),Fri Dec 17 2021 23:21:05 GMT+0000 (Greenwich Mean Time),startTrialTime_NULL,endTrialTime_NULL,0,attention_checks,trial_duration_NULL,which_throw_NULL,arrow_startingDirection_NULL,H_animation_speed_time_NULL,arrow_H_moving_duration_NULL,arrow_H_stopping_x_NULL,arrow_H_stopping_y_NULL,arrow_V_stopping_x_NULL,arrow_V_stopping_y_NULL,strength_duration_NULL,up_distance_traveled_NULL,up_distance_unit_NULL,distance_from_radius_NULL,which_ring_NULL,which_quadrant_NULL,throw_score_NULL,trial_score_NULL,835,No,3,left,right,right,0,None,Asian,Female,Bachelor's degree,Unsure,United States,23,1479
WLL-l2t738bpzgqc7b8hqj7al,2341,0,board_center_x_NULL,board_center_y_NULL,board_bullseye_radius_NULL,board_outerRing_radius_NULL,Fri Dec 17 2021 17:04:04 GMT-0600 (Central Standard Time),Fri Dec 17 2021 17:15:20 GMT-0600 (Central Standard Time),startTrialTime_NULL,endTrialTime_NULL,0,attention_checks,trial_duration_NULL,which_throw_NULL,arrow_startingDirection_NULL,H_animation_speed_time_NULL,arrow_H_moving_duration_NULL,arrow_H_stopping_x_NULL,arrow_H_stopping_y_NULL,arrow_V_stopping_x_NULL,arrow_V_stopping_y_NULL,strength_duration_NULL,up_distance_traveled_NULL,up_distance_unit_NULL,distance_from_radius_NULL,which_ring_NULL,which_quadrant_NULL,throw_score_NULL,trial_score_NULL,885,Yes,3,left,right,left,0,Darts,Multiracial or Biracial,Male,High school or GED,"$25,000 through $34,999",United States,20,1530
WLL-l6fse31dkbk0xi3n5qs4goj,2778,0,board_center_x_NULL,board_center_y_NULL,board_bullseye_radius_NULL,board_outerRing_radius_NULL,Fri Dec 17 2021 17:14:30 GMT-0600 (Central Standard Time),Fri Dec 17 2021 17:24:04 GMT-0600 (Central Standard Time),startTrialTime_NULL,endTrialTime_NULL,0,attention_checks,trial_duration_NULL,which_throw_NULL,arrow_startingDirection_NULL,H_animation_speed_time_NULL,arrow_H_moving_duration_NULL,arrow_H_stopping_x_NULL,arrow_H_stopping_y_NULL,arrow_V_stopping_x_NULL,arrow_V_stopping_y_NULL,strength_duration_NULL,up_distance_traveled_NULL,up_distance_unit_NULL,distance_from_radius_NULL,which_ring_NULL,which_quadrant_NULL,throw_score_NULL,trial_score_NULL,705,No,1,left,right,right,0,None,Black or African American,Female,High school or GED,"$0 through $4,999",United States of America,23,1581
WLL-lgry1g5x958n3jr756pph,2767,0,board_center_x_NULL,board_center_y_NULL,board_bullseye_radius_NULL,board_outerRing_radius_NULL,Fri Dec 17 2021 17:16:39 GMT-0600 (Central Standard Time),Fri Dec 17 2021 17:23:56 GMT-0600 (Central Standard Time),startTrialTime_NULL,endTrialTime_NULL,0,attention_checks,trial_duration_NULL,which_throw_NULL,arrow_startingDirection_NULL,H_animation_speed_time_NULL,arrow_H_moving_duration_NULL,arrow_H_stopping_x_NULL,arrow_H_stopping_y_NULL,arrow_V_stopping_x_NULL,arrow_V_stopping_y_NULL,strength_duration_NULL,up_distance_traveled_NULL,up_distance_unit_NULL,distance_from_radius_NULL,which_ring_NULL,which_quadrant_NULL,throw_score_NULL,trial_score_NULL,1050,Yes,2,right,right,right,4,darts,Asian,Female,Bachelor's degree,"$50,000 through $74,999",US,23,1632
WLL-o7cyif87n7tnmgkbbcmxr,2742,0,board_center_x_NULL,board_center_y_NULL,board_bullseye_radius_NULL,board_outerRing_radius_NULL,Fri Dec 17 2021 17:05:42 GMT-0600 (Central Standard Time),Fri Dec 17 2021 17:11:49 GMT-0600 (Central Standard Time),startTrialTime_NULL,endTrialTime_NULL,0,attention_checks,trial_duration_NULL,which_throw_NULL,arrow_startingDirection_NULL,H_animation_speed_time_NULL,arrow_H_moving_duration_NULL,arrow_H_stopping_x_NULL,arrow_H_stopping_y_NULL,arrow_V_stopping_x_NULL,arrow_V_stopping_y_NULL,strength_duration_NULL,up_distance_traveled_NULL,up_distance_unit_NULL,distance_from_radius_NULL,which_ring_NULL,which_quadrant_NULL,throw_score_NULL,trial_score_NULL,765,No,5,left,right,right,0,None,Asian,Female,Bachelor's degree,"$75,000 through $99,999",United States,23,1683
WLL-otvcz0eezhfsiw4h6u6jes,2618.39990234375,0,board_center_x_NULL,board_center_y_NULL,board_bullseye_radius_NULL,board_outerRing_radius_NULL,Fri Dec 17 2021 14:56:04 GMT-0800 (Pacific Standard Time),Fri Dec 17 2021 15:03:00 GMT-0800 (Pacific Standard Time),startTrialTime_NULL,endTrialTime_NULL,0,attention_checks,trial_duration_NULL,which_throw_NULL,arrow_startingDirection_NULL,H_animation_speed_time_NULL,arrow_H_moving_duration_NULL,arrow_H_stopping_x_NULL,arrow_H_stopping_y_NULL,arrow_V_stopping_x_NULL,arrow_V_stopping_y_NULL,strength_duration_NULL,up_distance_traveled_NULL,up_distance_unit_NULL,distance_from_radius_NULL,which_ring_NULL,which_quadrant_NULL,throw_score_NULL,trial_score_NULL,1150,No,1,left,right,right,0,darts,White,Male,Associate's degree,"$75,000 through $99,999",United States,20,1734
WLL-p8gyru1epab017403g738,2856.666748046875,0,board_center_x_NULL,board_center_y_NULL,board_bullseye_radius_NULL,board_outerRing_radius_NULL,Fri Dec 17 2021 17:21:36 GMT-0600 (Central Standard Time),Fri Dec 17 2021 17:31:43 GMT-0600 (Central Standard Time),startTrialTime_NULL,endTrialTime_NULL,0,attention_checks,trial_duration_NULL,which_throw_NULL,arrow_startingDirection_NULL,H_animation_speed_time_NULL,arrow_H_moving_duration_NULL,arrow_H_stopping_x_NULL,arrow_H_stopping_y_NULL,arrow_V_stopping_x_NULL,arrow_V_stopping_y_NULL,strength_duration_NULL,up_distance_traveled_NULL,up_distance_unit_NULL,distance_from_radius_NULL,which_ring_NULL,which_quadrant_NULL,throw_score_NULL,trial_score_NULL,840,Yes,1,left,right,right,10,"Shuffleboard, ice breaker",White,Female,High school or GED,"$200,000 and greater",United States,21,1785
WLL-pr1srnjyqe6n4zqsxwsdb,2642.39990234375,0,board_center_x_NULL,board_center_y_NULL,board_bullseye_radius_NULL,board_outerRing_radius_NULL,Fri Dec 17 2021 16:24:17 GMT-0700 (Mountain Standard Time),Fri Dec 17 2021 16:35:09 GMT-0700 (Mountain Standard Time),startTrialTime_NULL,endTrialTime_NULL,0,attention_checks,trial_duration_NULL,which_throw_NULL,arrow_startingDirection_NULL,H_animation_speed_time_NULL,arrow_H_moving_duration_NULL,arrow_H_stopping_x_NULL,arrow_H_stopping_y_NULL,arrow_V_stopping_x_NULL,arrow_V_stopping_y_NULL,strength_duration_NULL,up_distance_traveled_NULL,up_distance_unit_NULL,distance_from_radius_NULL,which_ring_NULL,which_quadrant_NULL,throw_score_NULL,trial_score_NULL,1125,No,2,left,right,right,0,None,Asian,Female,Bachelor's degree,"$100,000 through $149,999",United States,30,1836
WLL-prrr34h1uuln7rhqsdnjq,2335,0,board_center_x_NULL,board_center_y_NULL,board_bullseye_radius_NULL,board_outerRing_radius_NULL,Fri Dec 17 2021 18:25:20 GMT-0500 (Eastern Standard Time),Fri Dec 17 2021 18:33:00 GMT-0500 (Eastern Standard Time),startTrialTime_NULL,endTrialTime_NULL,0,attention_checks,trial_duration_NULL,which_throw_NULL,arrow_startingDirection_NULL,H_animation_speed_time_NULL,arrow_H_moving_duration_NULL,arrow_H_stopping_x_NULL,arrow_H_stopping_y_NULL,arrow_V_stopping_x_NULL,arrow_V_stopping_y_NULL,strength_duration_NULL,up_distance_traveled_NULL,up_distance_unit_NULL,distance_from_radius_NULL,which_ring_NULL,which_quadrant_NULL,throw_score_NULL,trial_score_NULL,800,No,6,left,right,right,0,none,Hispanic or Latino,Male,High school or GED,"$5,000 through $11,999",usa,33,1887
WLL-pvyqenx7fh1kp40fbtn7a,2639,0,board_center_x_NULL,board_center_y_NULL,board_bullseye_radius_NULL,board_outerRing_radius_NULL,Fri Dec 17 2021 15:20:54 GMT-0800 (Pacific Standard Time),Fri Dec 17 2021 15:27:51 GMT-0800 (Pacific Standard Time),startTrialTime_NULL,endTrialTime_NULL,0,attention_checks,trial_duration_NULL,which_throw_NULL,arrow_startingDirection_NULL,H_animation_speed_time_NULL,arrow_H_moving_duration_NULL,arrow_H_stopping_x_NULL,arrow_H_stopping_y_NULL,arrow_V_stopping_x_NULL,arrow_V_stopping_y_NULL,strength_duration_NULL,up_distance_traveled_NULL,up_distance_unit_NULL,distance_from_radius_NULL,which_ring_NULL,which_quadrant_NULL,throw_score_NULL,trial_score_NULL,1105,No,6,left,right,left,0,None,White,Male,Bachelor's degree,"$25,000 through $34,999",United States,31,1938
WLL-tdjr64mizevzm7iqn2bh,2377,0,board_center_x_NULL,board_center_y_NULL,board_bullseye_radius_NULL,board_outerRing_radius_NULL,Fri Dec 17 2021 23:21:22 GMT+0000 (Greenwich Mean Time),Fri Dec 17 2021 23:28:23 GMT+0000 (Greenwich Mean Time),startTrialTime_NULL,endTrialTime_NULL,0,attention_checks,trial_duration_NULL,which_throw_NULL,arrow_startingDirection_NULL,H_animation_speed_time_NULL,arrow_H_moving_duration_NULL,arrow_H_stopping_x_NULL,arrow_H_stopping_y_NULL,arrow_V_stopping_x_NULL,arrow_V_stopping_y_NULL,strength_duration_NULL,up_distance_traveled_NULL,up_distance_unit_NULL,distance_from_radius_NULL,which_ring_NULL,which_quadrant_NULL,throw_score_NULL,trial_score_NULL,915,No,5,left,right,right,0,None,White,Male,Bachelor's degree,"$16,000 through $24,999",USA,33,1989
WLL-th9t5ooez5d9etnahw3xhj,2320,0,board_center_x_NULL,board_center_y_NULL,board_bullseye_radius_NULL,board_outerRing_radius_NULL,Fri Dec 17 2021 18:21:02 GMT-0500 (Eastern Standard Time),Fri Dec 17 2021 18:30:29 GMT-0500 (Eastern Standard Time),startTrialTime_NULL,endTrialTime_NULL,0,attention_checks,trial_duration_NULL,which_throw_NULL,arrow_startingDirection_NULL,H_animation_speed_time_NULL,arrow_H_moving_duration_NULL,arrow_H_stopping_x_NULL,arrow_H_stopping_y_NULL,arrow_V_stopping_x_NULL,arrow_V_stopping_y_NULL,strength_duration_NULL,up_distance_traveled_NULL,up_distance_unit_NULL,distance_from_radius_NULL,which_ring_NULL,which_quadrant_NULL,throw_score_NULL,trial_score_NULL,725,No,2,left,right,left,0,none,White,Female,High school or GED,"$35,000 through $49,999",United States,44,2040
WLL-x84qvbjss5fx1x19c3w34c,2341,0,board_center_x_NULL,board_center_y_NULL,board_bullseye_radius_NULL,board_outerRing_radius_NULL,Fri Dec 17 2021 18:12:18 GMT-0500 (Eastern Standard Time),Fri Dec 17 2021 18:22:14 GMT-0500 (Eastern Standard Time),startTrialTime_NULL,endTrialTime_NULL,0,attention_checks,trial_duration_NULL,which_throw_NULL,arrow_startingDirection_NULL,H_animation_speed_time_NULL,arrow_H_moving_duration_NULL,arrow_H_stopping_x_NULL,arrow_H_stopping_y_NULL,arrow_V_stopping_x_NULL,arrow_V_stopping_y_NULL,strength_duration_NULL,up_distance_traveled_NULL,up_distance_unit_NULL,distance_from_radius_NULL,which_ring_NULL,which_quadrant_NULL,throw_score_NULL,trial_score_NULL,355,No,5,left,right,right,0,None,White,Female,Bachelor's degree,"$35,000 through $49,999",United States,34,2091
WLL-xbrr5jassanp79uatin87,2396,0,board_center_x_NULL,board_center_y_NULL,board_bullseye_radius_NULL,board_outerRing_radius_NULL,Sat Dec 18 2021 00:25:30 GMT+0100 (czas środkowoeuropejski standardowy),Sat Dec 18 2021 00:39:39 GMT+0100 (czas środkowoeuropejski standardowy),startTrialTime_NULL,endTrialTime_NULL,0,attention_checks,trial_duration_NULL,which_throw_NULL,arrow_startingDirection_NULL,H_animation_speed_time_NULL,arrow_H_moving_duration_NULL,arrow_H_stopping_x_NULL,arrow_H_stopping_y_NULL,arrow_V_stopping_x_NULL,arrow_V_stopping_y_NULL,strength_duration_NULL,up_distance_traveled_NULL,up_distance_unit_NULL,distance_from_radius_NULL,which_ring_NULL,which_quadrant_NULL,throw_score_NULL,trial_score_NULL,1060,Yes,3,left,right,right,5,Darts,White,Male,High school or GED,"$25,000 through $34,999",USA,20,2142
WLL-xe2xsrhimwqkgb3hlz2t1,2761,0,board_center_x_NULL,board_center_y_NULL,board_bullseye_radius_NULL,board_outerRing_radius_NULL,Fri Dec 17 2021 17:25:17 GMT-0600 (Central Standard Time),Fri Dec 17 2021 17:35:55 GMT-0600 (Central Standard Time),startTrialTime_NULL,endTrialTime_NULL,0,attention_checks,trial_duration_NULL,which_throw_NULL,arrow_startingDirection_NULL,H_animation_speed_time_NULL,arrow_H_moving_duration_NULL,arrow_H_stopping_x_NULL,arrow_H_stopping_y_NULL,arrow_V_stopping_x_NULL,arrow_V_stopping_y_NULL,strength_duration_NULL,up_distance_traveled_NULL,up_distance_unit_NULL,distance_from_radius_NULL,which_ring_NULL,which_quadrant_NULL,throw_score_NULL,trial_score_NULL,805,No,5,left,right,right,0,none,Multiracial or Biracial,Female,"Professional degree (J.D., M.D., Ph.D)","$75,000 through $99,999",United states of america,23,2193
WLL-xt4udulwycfzon4jsmze7,2349,0,board_center_x_NULL,board_center_y_NULL,board_bullseye_radius_NULL,board_outerRing_radius_NULL,Fri Dec 17 2021 17:19:02 GMT-0600 (Central Standard Time),Fri Dec 17 2021 17:28:34 GMT-0600 (Central Standard Time),startTrialTime_NULL,endTrialTime_NULL,0,attention_checks,trial_duration_NULL,which_throw_NULL,arrow_startingDirection_NULL,H_animation_speed_time_NULL,arrow_H_moving_duration_NULL,arrow_H_stopping_x_NULL,arrow_H_stopping_y_NULL,arrow_V_stopping_x_NULL,arrow_V_stopping_y_NULL,strength_duration_NULL,up_distance_traveled_NULL,up_distance_unit_NULL,distance_from_radius_NULL,which_ring_NULL,which_quadrant_NULL,throw_score_NULL,trial_score_NULL,1235,No,5,left,right,right,0,None,Hispanic or Latino,Male,Bachelor's degree,"$16,000 through $24,999",United States,21,2244
WLL-y013lprpd3juqv46cbvbi,2639,0,board_center_x_NULL,board_center_y_NULL,board_bullseye_radius_NULL,board_outerRing_radius_NULL,Fri Dec 17 2021 18:25:39 GMT-0500 (Eastern Standard Time),Fri Dec 17 2021 18:33:00 GMT-0500 (Eastern Standard Time),startTrialTime_NULL,endTrialTime_NULL,0,attention_checks,trial_duration_NULL,which_throw_NULL,arrow_startingDirection_NULL,H_animation_speed_time_NULL,arrow_H_moving_duration_NULL,arrow_H_stopping_x_NULL,arrow_H_stopping_y_NULL,arrow_V_stopping_x_NULL,arrow_V_stopping_y_NULL,strength_duration_NULL,up_distance_traveled_NULL,up_distance_unit_NULL,distance_from_radius_NULL,which_ring_NULL,which_quadrant_NULL,throw_score_NULL,trial_score_NULL,605,No,2,left,right,right,0,none,White,Female,High school or GED,"$16,000 through $24,999",united states,23,2295
WLL-y5guom4csijbjtjpq9ra8b,2856.666748046875,0,board_center_x_NULL,board_center_y_NULL,board_bullseye_radius_NULL,board_outerRing_radius_NULL,Fri Dec 17 2021 15:11:54 GMT-0800 (Pacific Standard Time),Fri Dec 17 2021 15:26:46 GMT-0800 (Pacific Standard Time),startTrialTime_NULL,endTrialTime_NULL,0,attention_checks,trial_duration_NULL,which_throw_NULL,arrow_startingDirection_NULL,H_animation_speed_time_NULL,arrow_H_moving_duration_NULL,arrow_H_stopping_x_NULL,arrow_H_stopping_y_NULL,arrow_V_stopping_x_NULL,arrow_V_stopping_y_NULL,strength_duration_NULL,up_distance_traveled_NULL,up_distance_unit_NULL,distance_from_radius_NULL,which_ring_NULL,which_quadrant_NULL,throw_score_NULL,trial_score_NULL,850,No,5,right,left,right,0,None,Hispanic or Latino,Female,Associate's degree,"$5,000 through $11,999",United States,25,2346
WLL-ypazld7raawxcj9dyoi8d,2810,0,board_center_x_NULL,board_center_y_NULL,board_bullseye_radius_NULL,board_outerRing_radius_NULL,Fri Dec 17 2021 18:17:45 GMT-0500 (Eastern Standard Time),Fri Dec 17 2021 18:28:44 GMT-0500 (Eastern Standard Time),startTrialTime_NULL,endTrialTime_NULL,0,attention_checks,trial_duration_NULL,which_throw_NULL,arrow_startingDirection_NULL,H_animation_speed_time_NULL,arrow_H_moving_duration_NULL,arrow_H_stopping_x_NULL,arrow_H_stopping_y_NULL,arrow_V_stopping_x_NULL,arrow_V_stopping_y_NULL,strength_duration_NULL,up_distance_traveled_NULL,up_distance_unit_NULL,distance_from_radius_NULL,which_ring_NULL,which_quadrant_NULL,throw_score_NULL,trial_score_NULL,125,No,6,right,right,right,0,none,Hispanic or Latino,Female,Bachelor's degree,"$50,000 through $74,999",usa,36,2397
WLL-yxxum4s9hl11sps4d3vop,2572,0,board_center_x_NULL,board_center_y_NULL,board_bullseye_radius_NULL,board_outerRing_radius_NULL,Fri Dec 17 2021 15:30:32 GMT-0800 (Pacific Standard Time),Fri Dec 17 2021 15:39:05 GMT-0800 (Pacific Standard Time),startTrialTime_NULL,endTrialTime_NULL,0,attention_checks,trial_duration_NULL,which_throw_NULL,arrow_startingDirection_NULL,H_animation_speed_time_NULL,arrow_H_moving_duration_NULL,arrow_H_stopping_x_NULL,arrow_H_stopping_y_NULL,arrow_V_stopping_x_NULL,arrow_V_stopping_y_NULL,strength_duration_NULL,up_distance_traveled_NULL,up_distance_unit_NULL,distance_from_radius_NULL,which_ring_NULL,which_quadrant_NULL,throw_score_NULL,trial_score_NULL,1000,No,4,left,right,right,0,None,Asian,Male,Bachelor's degree,"$75,000 through $99,999",United States,27,2448
WLL-zm5rv6oaky2wa3plzdnrh,2594,0,board_center_x_NULL,board_center_y_NULL,board_bullseye_radius_NULL,board_outerRing_radius_NULL,Fri Dec 17 2021 18:07:29 GMT-0500 (EST),Fri Dec 17 2021 18:16:58 GMT-0500 (EST),startTrialTime_NULL,endTrialTime_NULL,0,attention_checks,trial_duration_NULL,which_throw_NULL,arrow_startingDirection_NULL,H_animation_speed_time_NULL,arrow_H_moving_duration_NULL,arrow_H_stopping_x_NULL,arrow_H_stopping_y_NULL,arrow_V_stopping_x_NULL,arrow_V_stopping_y_NULL,strength_duration_NULL,up_distance_traveled_NULL,up_distance_unit_NULL,distance_from_radius_NULL,which_ring_NULL,which_quadrant_NULL,throw_score_NULL,trial_score_NULL,1205,No,2,right,right,right,0,None,Asian,Female,Associate's degree,"$50,000 through $74,999",America,21,2499
WLL-zurnr5l2nz2a1pudatxfy,2810,0,board_center_x_NULL,board_center_y_NULL,board_bullseye_radius_NULL,board_outerRing_radius_NULL,Fri Dec 17 2021 17:14:29 GMT-0600 (Central Standard Time),Fri Dec 17 2021 17:21:39 GMT-0600 (Central Standard Time),startTrialTime_NULL,endTrialTime_NULL,0,attention_checks,trial_duration_NULL,which_throw_NULL,arrow_startingDirection_NULL,H_animation_speed_time_NULL,arrow_H_moving_duration_NULL,arrow_H_stopping_x_NULL,arrow_H_stopping_y_NULL,arrow_V_stopping_x_NULL,arrow_V_stopping_y_NULL,strength_duration_NULL,up_distance_traveled_NULL,up_distance_unit_NULL,distance_from_radius_NULL,which_ring_NULL,which_quadrant_NULL,throw_score_NULL,trial_score_NULL,825,No,5,left,right,right,0,none,White,Female,High school or GED,"$100,000 through $149,999",united states,19,2550
